shipment_id,quote_date,lane_id,carrier_name,nmfc_class,weight_lbs,weight_break_tier,base_cwt_rate,accessorials,accessorial_total,fuel_surcharge,quoted_rate_total
S00430,2025-01-05,ATL-EWR,Piedmont Freight Line,175.0,2647,2M,25.76,none,0,150.01,831.89
S00437,2025-01-10,ATL-EWR,Piedmont Freight Line,250.0,1752,1M,40.09,none,0,154.51,856.81
S00429,2025-01-15,ATL-EWR,Piedmont Freight Line,175.0,677,M5C,38.44,none,0,57.25,317.45
S00414,2025-01-16,ATL-EWR,Piedmont Freight Line,70.0,3366,2M,13.0,residential,110,96.3,644.04
S00418,2025-01-18,ATL-EWR,Piedmont Freight Line,200.0,6762,5M,21.74,none,0,323.47,1793.78
S00482,2025-01-19,ATL-EWR,Palmetto Freight Systems,70.0,5999,5M,13.99,liftgate,95,184.61,1118.76
S00435,2025-01-20,ATL-EWR,Piedmont Freight Line,125.0,7601,5M,17.07,none,0,285.52,1583.34
S00446,2025-01-23,ATL-EWR,BlueRidge LTL,175.0,1975,1M,35.95,none,0,156.22,866.32
S00469,2025-01-29,ATL-EWR,BlueRidge LTL,50.0,2360,2M,12.77,none,0,66.28,367.54
S00466,2025-02-01,ATL-EWR,BlueRidge LTL,85.0,7429,5M,13.76,none,0,224.91,1247.23
S00444,2025-02-06,ATL-EWR,Piedmont Freight Line,55.0,707,M5C,13.81,none,0,21.49,119.16
S00441,2025-02-15,ATL-EWR,Piedmont Freight Line,200.0,4834,2M,30.33,none,0,322.57,1788.77
S00448,2025-02-22,ATL-EWR,BlueRidge LTL,125.0,4572,2M,24.51,none,0,246.55,1367.24
S00480,2025-02-22,ATL-EWR,Palmetto Freight Systems,77.5,3474,2M,18.22,residential,110,139.23,882.1
S00461,2025-03-04,ATL-EWR,BlueRidge LTL,85.0,3975,2M,19.37,none,0,169.38,939.3
S00445,2025-03-17,ATL-EWR,Piedmont Freight Line,65.0,3591,2M,12.93,inside_delivery,150,102.15,716.48
S00417,2025-03-21,ATL-EWR,Piedmont Freight Line,92.5,689,M5C,21.32,limited_access,85,32.32,264.23
S00426,2025-03-21,ATL-EWR,Piedmont Freight Line,85.0,7868,5M,12.38,none,0,214.36,1188.72
S00476,2025-03-21,ATL-EWR,BlueRidge LTL,200.0,5113,5M,26.83,limited_access,85,301.83,1758.76
S00478,2025-03-24,ATL-EWR,Palmetto Freight Systems,70.0,925,M5C,19.23,liftgate,95,39.13,312.02
S00463,2025-03-28,ATL-EWR,BlueRidge LTL,150.0,4085,2M,23.9,inside_delivery,150,214.75,1340.88
S00471,2025-04-01,ATL-EWR,BlueRidge LTL,55.0,7439,5M,10.79,none,0,176.58,979.24
S00477,2025-04-03,ATL-EWR,Palmetto Freight Systems,65.0,4714,2M,16.11,none,0,167.03,926.23
S00449,2025-04-13,ATL-EWR,BlueRidge LTL,60.0,174,L5C,21.03,none,0,8.05,44.64
S00472,2025-04-18,ATL-EWR,BlueRidge LTL,200.0,621,M5C,42.5,none,0,58.06,321.99
S00424,2025-04-29,ATL-EWR,Piedmont Freight Line,50.0,2284,2M,11.45,none,0,57.54,319.08
S00468,2025-05-08,ATL-EWR,BlueRidge LTL,60.0,1659,1M,16.0,none,0,58.41,323.9
S00481,2025-05-12,ATL-EWR,Palmetto Freight Systems,250.0,564,M5C,44.98,none,0,55.82,309.53
S00456,2025-05-15,ATL-EWR,BlueRidge LTL,77.5,7763,5M,13.41,none,0,229.06,1270.26
S00452,2025-05-29,ATL-EWR,BlueRidge LTL,100.0,4016,2M,18.83,none,0,166.36,922.55
S00421,2025-06-01,ATL-EWR,Piedmont Freight Line,85.0,4902,2M,16.38,none,0,176.68,979.76
S00422,2025-06-05,ATL-EWR,Piedmont Freight Line,125.0,2276,2M,20.82,none,0,104.24,578.04
S00432,2025-06-11,ATL-EWR,Piedmont Freight Line,70.0,6935,5M,11.79,none,0,179.88,997.54
S00413,2025-06-20,ATL-EWR,Piedmont Freight Line,100.0,3957,2M,18.63,none,0,162.2,899.49
S00462,2025-06-20,ATL-EWR,BlueRidge LTL,70.0,6138,5M,11.51,liftgate,95,155.45,957.06
S00451,2025-06-21,ATL-EWR,BlueRidge LTL,250.0,502,M5C,52.71,inside_delivery,150,58.21,472.81
S00438,2025-06-28,ATL-EWR,Piedmont Freight Line,125.0,5642,5M,16.99,none,0,210.89,1169.46
S00457,2025-07-09,ATL-EWR,BlueRidge LTL,125.0,2799,2M,24.85,inside_delivery,150,153.01,998.53
S00443,2025-07-21,ATL-EWR,Piedmont Freight Line,200.0,1154,1M,33.48,none,0,85.0,471.37
S00431,2025-07-25,ATL-EWR,Piedmont Freight Line,150.0,5286,5M,20.4,residential,110,237.23,1425.52
S00465,2025-07-26,ATL-EWR,BlueRidge LTL,125.0,6441,5M,21.55,none,0,305.32,1693.14
S00434,2025-08-05,ATL-EWR,Piedmont Freight Line,70.0,7965,5M,12.09,none,0,211.88,1174.97
S00439,2025-08-05,ATL-EWR,Piedmont Freight Line,200.0,7070,5M,25.89,residential,110,402.63,2342.75
S00475,2025-08-06,ATL-EWR,BlueRidge LTL,65.0,6672,5M,12.16,none,0,178.47,989.71
S00436,2025-08-07,ATL-EWR,Piedmont Freight Line,125.0,5622,5M,18.38,none,0,227.34,1260.68
S00455,2025-08-09,ATL-EWR,BlueRidge LTL,77.5,1183,1M,18.65,none,0,48.55,269.23
S00474,2025-08-09,ATL-EWR,BlueRidge LTL,85.0,2496,2M,16.19,liftgate,95,88.89,587.91
S00467,2025-08-12,ATL-EWR,BlueRidge LTL,50.0,1990,1M,14.01,none,0,61.33,340.12
S00487,2025-08-12,ATL-EWR,Palmetto Freight Systems,250.0,5344,5M,28.06,none,0,329.94,1829.66
S00458,2025-08-17,ATL-EWR,BlueRidge LTL,65.0,2109,2M,15.87,residential,110,73.64,518.36
S00411,2025-08-18,ATL-EWR,Piedmont Freight Line,110.0,4136,2M,18.79,residential,110,170.99,1058.2
S00433,2025-08-20,ATL-EWR,Piedmont Freight Line,110.0,1236,1M,24.3,none,0,66.07,366.38
S00488,2025-08-29,ATL-EWR,Crossroads Freight Co,85.0,2154,2M,15.71,liftgate,95,74.46,507.91
S00454,2025-08-30,ATL-EWR,BlueRidge LTL,150.0,3993,2M,23.01,none,0,202.1,1120.74
S00419,2025-09-02,ATL-EWR,Piedmont Freight Line,65.0,6167,5M,11.21,none,0,152.02,843.04
S00410,2025-09-05,ATL-EWR,Piedmont Freight Line,175.0,3596,2M,24.22,none,0,191.61,1062.57
S00484,2025-09-05,ATL-EWR,Palmetto Freight Systems,77.5,6130,5M,10.78,limited_access,85,145.36,891.08
S00491,2025-09-05,ATL-EWR,Crossroads Freight Co,85.0,7484,5M,13.87,none,0,228.41,1266.62
S00464,2025-09-11,ATL-EWR,BlueRidge LTL,250.0,3805,2M,42.55,none,0,356.15,1975.02
S00416,2025-09-24,ATL-EWR,Piedmont Freight Line,250.0,1967,1M,39.99,residential,110,173.05,1069.62
S00453,2025-09-26,ATL-EWR,BlueRidge LTL,85.0,5633,5M,14.66,none,0,181.68,1007.5
S00460,2025-10-05,ATL-EWR,BlueRidge LTL,92.5,1779,1M,19.56,none,0,76.57,424.6
S00486,2025-10-10,ATL-EWR,Palmetto Freight Systems,50.0,7435,5M,9.04,none,0,147.88,820.08
S00415,2025-10-21,ATL-EWR,Piedmont Freight Line,77.5,3206,2M,14.48,liftgate,95,102.14,661.43
S00483,2025-10-23,ATL-EWR,Palmetto Freight Systems,77.5,1791,1M,17.01,none,0,67.02,371.66
S00428,2025-10-24,ATL-EWR,Piedmont Freight Line,92.5,5929,5M,12.34,none,0,160.91,892.31
S00412,2025-10-27,ATL-EWR,Piedmont Freight Line,110.0,2138,2M,19.03,liftgate,95,89.51,591.35
S00425,2025-10-27,ATL-EWR,Piedmont Freight Line,175.0,6633,5M,20.16,none,0,294.19,1631.4
S00447,2025-10-30,ATL-EWR,BlueRidge LTL,70.0,1485,1M,18.17,liftgate,95,59.36,424.18
S00490,2025-11-02,ATL-EWR,Crossroads Freight Co,250.0,901,M5C,48.36,none,0,95.85,531.56
S00442,2025-11-06,ATL-EWR,Piedmont Freight Line,60.0,385,L5C,18.37,none,0,15.56,86.29
S00450,2025-11-11,ATL-EWR,BlueRidge LTL,55.0,3748,2M,12.77,none,0,105.33,584.1
S00489,2025-11-17,ATL-EWR,Crossroads Freight Co,250.0,3252,2M,35.66,residential,110,255.14,1524.86
S00440,2025-11-19,ATL-EWR,Piedmont Freight Line,65.0,399,L5C,19.74,residential,110,17.33,206.1
S00427,2025-11-21,ATL-EWR,Piedmont Freight Line,70.0,2187,2M,13.66,liftgate,95,65.72,459.45
S00420,2025-11-28,ATL-EWR,Piedmont Freight Line,150.0,5976,5M,20.19,none,0,265.49,1472.28
S00473,2025-11-28,ATL-EWR,BlueRidge LTL,60.0,6092,5M,11.67,none,0,156.46,867.66
S00470,2025-12-09,ATL-EWR,BlueRidge LTL,125.0,6818,5M,21.08,liftgate,95,316.21,1848.54
S00479,2025-12-09,ATL-EWR,Palmetto Freight Systems,125.0,4819,2M,22.98,liftgate,95,243.6,1445.86
S00459,2025-12-11,ATL-EWR,BlueRidge LTL,175.0,1971,1M,36.74,none,0,159.32,883.48
S00492,2025-12-11,ATL-EWR,Crossroads Freight Co,175.0,3276,2M,30.72,limited_access,85,221.43,1312.94
S00423,2025-12-16,ATL-EWR,Piedmont Freight Line,150.0,5836,5M,20.16,none,0,258.82,1435.3
S00485,2025-12-21,ATL-EWR,Palmetto Freight Systems,110.0,5518,5M,15.22,none,0,184.71,1024.29
S00238,2025-01-01,ATL-MCO,Cardinal Motor Freight,175.0,5200,5M,26.99,none,0,308.81,1712.5
S00291,2025-01-01,ATL-MCO,Crossroads Freight Co,92.5,7274,5M,19.37,none,0,309.94,1718.76
S00289,2025-01-11,ATL-MCO,Crossroads Freight Co,200.0,2330,2M,38.57,none,0,197.7,1096.36
S00285,2025-01-15,ATL-MCO,Crossroads Freight Co,55.0,2281,2M,15.84,limited_access,85,79.51,525.92
S00245,2025-01-21,ATL-MCO,Cardinal Motor Freight,100.0,4589,2M,24.55,none,0,247.85,1374.44
S00247,2025-01-21,ATL-MCO,Cardinal Motor Freight,70.0,5692,5M,14.13,limited_access,85,176.96,1066.33
S00273,2025-01-22,ATL-MCO,BlueRidge LTL,250.0,687,M5C,63.6,none,0,96.12,533.04
S00248,2025-01-26,ATL-MCO,Cardinal Motor Freight,200.0,4940,2M,39.66,none,0,431.02,2390.22
S00282,2025-01-31,ATL-MCO,BlueRidge LTL,65.0,6968,5M,15.0,liftgate;inside_delivery,245,229.96,1520.25
S00264,2025-02-12,ATL-MCO,Cardinal Motor Freight,150.0,6589,5M,25.68,none,0,372.28,2064.44
S00255,2025-02-21,ATL-MCO,Cardinal Motor Freight,110.0,4408,2M,25.67,none,0,248.92,1380.36
S00272,2025-03-20,ATL-MCO,Cardinal Motor Freight,150.0,7935,5M,24.73,liftgate;residential,205,431.75,2599.24
S00242,2025-03-28,ATL-MCO,Cardinal Motor Freight,250.0,6627,5M,40.36,none,0,588.36,3262.72
S00292,2025-04-04,ATL-MCO,Crossroads Freight Co,125.0,166,L5C,49.6,inside_delivery,150,18.11,250.45
S00249,2025-04-08,ATL-MCO,Cardinal Motor Freight,150.0,500,M5C,45.68,none,0,50.25,278.64
S00288,2025-04-18,ATL-MCO,Crossroads Freight Co,65.0,998,M5C,18.52,none,0,40.65,225.44
S00261,2025-04-25,ATL-MCO,Cardinal Motor Freight,60.0,3612,2M,15.31,liftgate,95,121.65,769.58
S00267,2025-04-25,ATL-MCO,Cardinal Motor Freight,110.0,773,M5C,32.23,none,0,54.81,303.94
S00279,2025-05-05,ATL-MCO,BlueRidge LTL,100.0,6622,5M,21.61,liftgate,95,314.79,1840.66
S00259,2025-05-06,ATL-MCO,Cardinal Motor Freight,150.0,2155,2M,31.98,none,0,151.62,840.83
S00263,2025-05-13,ATL-MCO,Cardinal Motor Freight,85.0,4965,2M,21.31,limited_access,85,232.78,1375.89
S00237,2025-05-15,ATL-MCO,Cardinal Motor Freight,100.0,4500,2M,21.0,none,0,207.93,1153.05
S00260,2025-05-19,ATL-MCO,Cardinal Motor Freight,150.0,4378,2M,33.21,none,0,319.88,1773.88
S00251,2025-05-24,ATL-MCO,Cardinal Motor Freight,50.0,6209,5M,11.43,none,0,156.1,865.67
S00275,2025-06-03,ATL-MCO,BlueRidge LTL,77.5,1929,1M,22.4,limited_access,85,95.07,612.23
S00274,2025-06-13,ATL-MCO,BlueRidge LTL,250.0,2193,2M,52.67,none,0,254.11,1409.16
S00269,2025-06-14,ATL-MCO,Cardinal Motor Freight,200.0,1514,1M,48.92,liftgate,95,162.94,998.57
S00277,2025-06-14,ATL-MCO,BlueRidge LTL,100.0,6739,5M,20.84,none,0,308.95,1713.25
S00246,2025-06-17,ATL-MCO,Cardinal Motor Freight,60.0,3522,2M,17.76,none,0,137.61,763.09
S00278,2025-06-21,ATL-MCO,BlueRidge LTL,92.5,5673,5M,19.3,residential;limited_access,195,240.92,1531.03
S00286,2025-06-25,ATL-MCO,Crossroads Freight Co,77.5,508,M5C,26.02,none,0,29.08,161.25
S00250,2025-07-14,ATL-MCO,Cardinal Motor Freight,100.0,3977,2M,22.24,liftgate;residential,205,194.6,1284.15
S00256,2025-07-19,ATL-MCO,Cardinal Motor Freight,77.5,6822,5M,16.94,none,0,254.25,1409.96
S00280,2025-08-01,ATL-MCO,BlueRidge LTL,92.5,1604,1M,29.83,liftgate;limited_access,180,105.26,763.71
S00244,2025-08-03,ATL-MCO,Cardinal Motor Freight,250.0,1078,1M,55.13,none,0,130.75,725.07
S00283,2025-08-04,ATL-MCO,BlueRidge LTL,77.5,3561,2M,20.82,none,0,163.07,904.31
S00240,2025-08-07,ATL-MCO,Cardinal Motor Freight,92.5,967,M5C,31.67,inside_delivery,150,67.37,523.58
S00243,2025-08-21,ATL-MCO,Cardinal Motor Freight,250.0,1881,1M,58.39,none,0,241.64,1340.03
S00239,2025-08-23,ATL-MCO,Cardinal Motor Freight,85.0,175,L5C,27.59,residential,110,10.62,168.9
S00252,2025-08-27,ATL-MCO,Cardinal Motor Freight,110.0,3437,2M,24.83,none,0,187.72,1041.0
S00284,2025-08-27,ATL-MCO,Crossroads Freight Co,60.0,2013,2M,18.17,none,0,80.47,446.25
S00241,2025-09-16,ATL-MCO,Cardinal Motor Freight,60.0,2268,2M,15.89,liftgate;residential,205,79.27,644.59
S00253,2025-09-20,ATL-MCO,Cardinal Motor Freight,110.0,1650,1M,27.06,limited_access,85,98.23,629.72
S00290,2025-09-24,ATL-MCO,Crossroads Freight Co,125.0,502,M5C,41.76,none,0,46.12,255.74
S00276,2025-10-03,ATL-MCO,BlueRidge LTL,200.0,7356,5M,34.29,none,0,554.94,3077.38
S00262,2025-10-17,ATL-MCO,Cardinal Motor Freight,100.0,3258,2M,22.54,none,0,161.53,895.78
S00266,2025-10-28,ATL-MCO,Cardinal Motor Freight,250.0,5300,5M,38.13,limited_access,85,444.6,2550.51
S00287,2025-11-01,ATL-MCO,Crossroads Freight Co,92.5,3837,2M,19.87,limited_access,85,167.71,1015.04
S00270,2025-11-04,ATL-MCO,Cardinal Motor Freight,110.0,4968,2M,26.21,none,0,286.48,1588.65
S00271,2025-11-09,ATL-MCO,Cardinal Motor Freight,125.0,5128,5M,23.7,none,0,267.4,1482.85
S00254,2025-11-10,ATL-MCO,Cardinal Motor Freight,250.0,2120,2M,41.51,none,0,193.59,1073.55
S00257,2025-11-15,ATL-MCO,Cardinal Motor Freight,92.5,6327,5M,17.34,none,0,241.29,1338.08
S00258,2025-11-18,ATL-MCO,Cardinal Motor Freight,110.0,2742,2M,23.8,none,0,143.6,796.33
S00265,2025-11-18,ATL-MCO,Cardinal Motor Freight,125.0,4115,2M,27.89,none,0,252.52,1400.34
S00268,2025-11-18,ATL-MCO,Cardinal Motor Freight,125.0,7225,5M,24.06,none,0,382.5,2121.16
S00281,2025-11-29,ATL-MCO,BlueRidge LTL,200.0,6867,5M,33.39,none,0,504.43,2797.28
S00080,2025-01-07,CLT-ATL,Palmetto Freight Systems,125.0,839,M5C,48.92,residential,110,90.29,610.69
S00104,2025-01-14,CLT-ATL,Crossroads Freight Co,200.0,6037,5M,37.53,none,0,498.41,2763.93
S00068,2025-01-17,CLT-ATL,BlueRidge LTL,70.0,6402,5M,21.35,none,0,300.7,1667.52
S00040,2025-02-06,CLT-ATL,Cardinal Motor Freight,150.0,3180,2M,42.71,none,0,298.83,1657.15
S00044,2025-02-07,CLT-ATL,Cardinal Motor Freight,85.0,7456,5M,18.72,none,0,307.05,1702.73
S00052,2025-02-12,CLT-ATL,Cardinal Motor Freight,200.0,4017,2M,47.47,liftgate;inside_delivery,245,419.55,2571.57
S00007,2025-02-20,CLT-ATL,Piedmont Freight Line,250.0,1020,1M,60.49,none,0,135.75,752.79
S00002,2025-02-21,CLT-ATL,Piedmont Freight Line,175.0,2280,2M,45.65,none,0,229.0,1269.91
S00048,2025-02-22,CLT-ATL,Cardinal Motor Freight,200.0,4463,2M,51.83,none,0,508.91,2822.16
S00049,2025-02-23,CLT-ATL,Cardinal Motor Freight,110.0,6720,5M,27.04,none,0,399.72,2216.62
S00074,2025-02-23,CLT-ATL,Palmetto Freight Systems,77.5,2003,2M,23.11,none,0,101.84,564.75
S00008,2025-02-28,CLT-ATL,Piedmont Freight Line,85.0,3371,2M,24.51,none,0,181.74,1007.83
S00079,2025-02-28,CLT-ATL,Palmetto Freight Systems,125.0,2945,2M,35.73,none,0,231.49,1283.71
S00038,2025-03-01,CLT-ATL,Cardinal Motor Freight,65.0,3090,2M,23.48,none,0,159.59,885.01
S00058,2025-03-01,CLT-ATL,Cardinal Motor Freight,125.0,5630,5M,27.74,none,0,343.65,1905.67
S00087,2025-03-01,CLT-ATL,Palmetto Freight Systems,125.0,7515,5M,31.04,none,0,513.25,2846.21
S00101,2025-03-02,CLT-ATL,Crossroads Freight Co,55.0,3924,2M,20.22,liftgate,95,174.55,1062.94
S00011,2025-03-03,CLT-ATL,Piedmont Freight Line,100.0,2542,2M,28.95,none,0,161.9,897.81
S00081,2025-03-04,CLT-ATL,Palmetto Freight Systems,70.0,7861,5M,18.04,none,0,312.0,1730.2
S00082,2025-03-16,CLT-ATL,Palmetto Freight Systems,60.0,6593,5M,14.81,none,0,214.79,1191.11
S00099,2025-03-17,CLT-ATL,Crossroads Freight Co,77.5,6724,5M,18.52,none,0,273.94,1519.12
S00089,2025-03-26,CLT-ATL,Palmetto Freight Systems,55.0,6560,5M,11.82,none,0,170.52,945.61
S00018,2025-03-30,CLT-ATL,Piedmont Freight Line,110.0,2174,2M,27.23,none,0,130.25,722.27
S00075,2025-03-30,CLT-ATL,Palmetto Freight Systems,60.0,5749,5M,16.68,none,0,210.91,1169.58
S00057,2025-04-05,CLT-ATL,Cardinal Motor Freight,150.0,2784,2M,42.52,none,0,260.4,1444.06
S00041,2025-04-06,CLT-ATL,Cardinal Motor Freight,55.0,455,L5C,26.44,none,0,26.46,146.75
S00106,2025-04-09,CLT-ATL,Crossroads Freight Co,60.0,1368,1M,26.35,none,0,79.31,439.79
S00028,2025-04-19,CLT-ATL,Piedmont Freight Line,55.0,2682,2M,20.03,none,0,118.21,655.52
S00064,2025-04-23,CLT-ATL,BlueRidge LTL,150.0,2259,2M,44.1,liftgate,95,219.15,1310.31
S00103,2025-04-24,CLT-ATL,Crossroads Freight Co,85.0,7807,5M,26.23,none,0,450.59,2498.7
S00001,2025-04-29,CLT-ATL,Piedmont Freight Line,175.0,7761,5M,36.4,residential;limited_access,195,621.56,3641.83
S00009,2025-04-29,CLT-ATL,Piedmont Freight Line,55.0,5051,5M,14.7,none,0,163.34,905.8
S00051,2025-05-01,CLT-ATL,Cardinal Motor Freight,100.0,4796,2M,33.09,none,0,349.17,1936.31
S00100,2025-05-07,CLT-ATL,Crossroads Freight Co,100.0,186,L5C,43.51,none,0,17.8,98.73
S00071,2025-05-13,CLT-ATL,Palmetto Freight Systems,175.0,1659,1M,47.87,liftgate,95,174.73,1063.96
S00073,2025-05-16,CLT-ATL,Palmetto Freight Systems,125.0,7378,5M,28.93,none,0,469.6,2604.14
S00026,2025-05-17,CLT-ATL,Piedmont Freight Line,50.0,741,M5C,24.19,none,0,39.43,218.65
S00005,2025-05-20,CLT-ATL,Piedmont Freight Line,55.0,898,M5C,26.74,none,0,52.82,292.94
S00069,2025-05-27,CLT-ATL,Palmetto Freight Systems,70.0,2877,2M,23.57,none,0,149.18,827.29
S00097,2025-06-04,CLT-ATL,Palmetto Freight Systems,150.0,4586,2M,42.69,none,0,430.69,2388.38
S00033,2025-06-06,CLT-ATL,Cardinal Motor Freight,85.0,1236,1M,27.96,none,0,76.03,421.64
S00090,2025-06-07,CLT-ATL,Palmetto Freight Systems,50.0,3223,2M,15.65,residential,110,110.98,725.42
S00053,2025-06-09,CLT-ATL,Cardinal Motor Freight,100.0,5992,5M,23.01,none,0,303.33,1682.08
S00046,2025-06-13,CLT-ATL,Cardinal Motor Freight,100.0,2656,2M,30.12,none,0,175.99,975.95
S00056,2025-06-16,CLT-ATL,Cardinal Motor Freight,60.0,7224,5M,17.22,liftgate,95,273.6,1612.24
S00085,2025-06-22,CLT-ATL,Palmetto Freight Systems,110.0,7921,5M,29.58,none,0,515.49,2858.6
S00023,2025-06-29,CLT-ATL,Piedmont Freight Line,77.5,2231,2M,24.02,none,0,117.92,653.91
S00021,2025-06-30,CLT-ATL,Piedmont Freight Line,200.0,7530,5M,39.52,limited_access,85,654.62,3715.15
S00012,2025-07-01,CLT-ATL,Piedmont Freight Line,92.5,5668,5M,20.43,none,0,254.8,1412.99
S00105,2025-07-01,CLT-ATL,Crossroads Freight Co,200.0,6717,5M,37.45,none,0,553.46,3069.2
S00022,2025-07-05,CLT-ATL,Piedmont Freight Line,65.0,3026,2M,18.71,none,0,124.55,690.68
S00072,2025-07-06,CLT-ATL,Palmetto Freight Systems,200.0,2741,2M,46.51,residential,110,280.47,1665.32
S00027,2025-07-09,CLT-ATL,Piedmont Freight Line,110.0,7498,5M,26.39,liftgate,95,435.35,2509.22
S00006,2025-07-10,CLT-ATL,Piedmont Freight Line,250.0,5748,5M,42.93,none,0,542.87,3010.49
S00013,2025-07-13,CLT-ATL,Piedmont Freight Line,50.0,1312,1M,20.24,liftgate,95,58.42,418.98
S00076,2025-07-15,CLT-ATL,Palmetto Freight Systems,100.0,5938,5M,27.28,none,0,356.37,1976.22
S00017,2025-07-17,CLT-ATL,Piedmont Freight Line,65.0,7533,5M,17.42,none,0,288.73,1601.15
S00032,2025-07-17,CLT-ATL,Cardinal Motor Freight,150.0,1844,1M,50.47,residential;inside_delivery,260,204.75,1395.42
S00030,2025-07-18,CLT-ATL,Cardinal Motor Freight,250.0,3098,2M,73.82,liftgate;inside_delivery,245,503.13,3035.07
S00084,2025-07-20,CLT-ATL,Palmetto Freight Systems,125.0,7466,5M,19.68,none,0,323.26,1792.61
S00059,2025-07-21,CLT-ATL,Cardinal Motor Freight,200.0,748,M5C,68.24,none,0,112.29,622.69
S00035,2025-07-26,CLT-ATL,Cardinal Motor Freight,92.5,7486,5M,23.38,limited_access,85,385.01,2220.08
S00094,2025-07-26,CLT-ATL,Palmetto Freight Systems,70.0,3967,2M,21.17,inside_delivery,150,184.79,1174.73
S00020,2025-07-31,CLT-ATL,Piedmont Freight Line,92.5,7118,5M,22.65,none,0,354.65,1966.69
S00043,2025-07-31,CLT-ATL,Cardinal Motor Freight,100.0,4451,2M,33.84,none,0,331.36,1837.52
S00083,2025-08-01,CLT-ATL,Palmetto Freight Systems,110.0,2690,2M,33.13,none,0,196.04,1087.12
S00077,2025-08-03,CLT-ATL,Palmetto Freight Systems,100.0,7140,5M,29.39,none,0,461.6,2559.8
S00088,2025-08-03,CLT-ATL,Palmetto Freight Systems,70.0,1613,1M,31.56,none,0,112.01,621.15
S00096,2025-08-05,CLT-ATL,Palmetto Freight Systems,150.0,7308,5M,31.19,none,0,501.48,2780.91
S00078,2025-08-10,CLT-ATL,Palmetto Freight Systems,92.5,4754,2M,30.19,none,0,315.75,1750.98
S00063,2025-08-14,CLT-ATL,BlueRidge LTL,60.0,2091,2M,20.81,none,0,95.75,530.97
S00065,2025-08-15,CLT-ATL,BlueRidge LTL,50.0,4482,2M,20.83,inside_delivery,150,205.4,1289.04
S00004,2025-08-16,CLT-ATL,Piedmont Freight Line,60.0,6204,5M,15.89,liftgate,95,216.85,1297.53
S00066,2025-08-21,CLT-ATL,BlueRidge LTL,55.0,6469,5M,17.41,none,0,247.76,1373.92
S00016,2025-08-24,CLT-ATL,Piedmont Freight Line,60.0,4788,2M,19.77,residential,110,208.29,1265.06
S00102,2025-08-31,CLT-ATL,Crossroads Freight Co,70.0,7331,5M,20.73,limited_access,85,334.37,1939.24
S00015,2025-09-11,CLT-ATL,Piedmont Freight Line,92.5,3841,2M,26.41,none,0,223.13,1237.38
S00055,2025-09-12,CLT-ATL,Cardinal Motor Freight,70.0,2135,2M,22.25,none,0,104.52,579.64
S00003,2025-09-17,CLT-ATL,Piedmont Freight Line,250.0,1447,1M,64.84,inside_delivery,150,206.41,1294.62
S00034,2025-09-18,CLT-ATL,Cardinal Motor Freight,150.0,3360,2M,35.44,none,0,262.0,1452.92
S00092,2025-09-18,CLT-ATL,Palmetto Freight Systems,77.5,6056,5M,18.61,none,0,247.97,1375.09
S00014,2025-09-23,CLT-ATL,Piedmont Freight Line,110.0,7887,5M,26.03,none,0,451.61,2504.36
S00060,2025-10-01,CLT-ATL,BlueRidge LTL,85.0,3378,2M,29.36,none,0,218.16,1209.81
S00062,2025-10-04,CLT-ATL,BlueRidge LTL,50.0,4344,2M,19.95,none,0,190.66,1057.31
S00091,2025-10-15,CLT-ATL,Palmetto Freight Systems,60.0,5077,5M,14.87,none,0,166.13,921.27
S00093,2025-10-19,CLT-ATL,Palmetto Freight Systems,70.0,7032,5M,20.89,liftgate,95,323.11,1886.81
S00042,2025-10-21,CLT-ATL,Cardinal Motor Freight,85.0,1077,1M,33.19,none,0,78.63,436.05
S00010,2025-10-26,CLT-ATL,Piedmont Freight Line,85.0,7184,5M,20.15,none,0,318.39,1765.62
S00039,2025-10-27,CLT-ATL,Cardinal Motor Freight,92.5,7559,5M,24.83,none,0,412.84,2289.39
S00031,2025-10-30,CLT-ATL,Cardinal Motor Freight,175.0,6735,5M,36.81,liftgate,95,545.41,3119.55
S00098,2025-11-03,CLT-ATL,Crossroads Freight Co,200.0,7484,5M,43.92,none,0,723.21,4010.54
S00045,2025-11-06,CLT-ATL,Cardinal Motor Freight,50.0,4344,2M,15.04,residential;inside_delivery,260,143.78,1057.31
S00036,2025-11-09,CLT-ATL,Cardinal Motor Freight,60.0,6099,5M,19.62,liftgate;inside_delivery;limited_access,330,263.29,1790.04
S00067,2025-11-11,CLT-ATL,BlueRidge LTL,250.0,3584,2M,61.78,none,0,487.09,2701.15
S00061,2025-11-12,CLT-ATL,BlueRidge LTL,100.0,7763,5M,27.38,none,0,467.58,2592.92
S00019,2025-11-20,CLT-ATL,Piedmont Freight Line,200.0,7193,5M,40.32,none,0,638.01,3538.04
S00037,2025-11-20,CLT-ATL,Cardinal Motor Freight,65.0,1526,1M,24.66,inside_delivery,150,82.8,609.17
S00029,2025-11-21,CLT-ATL,Piedmont Freight Line,110.0,6509,5M,26.24,none,0,375.82,2084.09
S00086,2025-12-07,CLT-ATL,Palmetto Freight Systems,85.0,6385,5M,19.65,liftgate,95,276.07,1625.94
S00050,2025-12-12,CLT-ATL,Cardinal Motor Freight,175.0,815,M5C,62.54,none,0,112.13,621.79
S00095,2025-12-12,CLT-ATL,Palmetto Freight Systems,110.0,2126,2M,27.98,none,0,130.86,725.7
S00025,2025-12-18,CLT-ATL,Piedmont Freight Line,200.0,7638,5M,39.36,liftgate,95,661.32,3762.29
S00047,2025-12-22,CLT-ATL,Cardinal Motor Freight,60.0,4879,2M,18.51,none,0,198.73,1102.07
S00070,2025-12-22,CLT-ATL,Palmetto Freight Systems,92.5,1563,1M,26.83,none,0,92.27,511.67
S00054,2025-12-29,CLT-ATL,Cardinal Motor Freight,110.0,245,L5C,52.68,residential,110,28.4,267.47
S00024,2025-12-30,CLT-ATL,Piedmont Freight Line,70.0,1956,1M,25.41,limited_access,85,109.36,691.44
S00329,2025-01-02,CLT-CMH,BlueRidge LTL,92.5,7718,5M,19.43,none,0,329.94,1829.65
S00294,2025-01-04,CLT-CMH,Cardinal Motor Freight,100.0,7542,5M,19.61,none,0,325.38,1804.39
S00316,2025-01-04,CLT-CMH,Cardinal Motor Freight,70.0,2965,2M,18.75,none,0,122.28,678.11
S00337,2025-01-04,CLT-CMH,BlueRidge LTL,55.0,301,L5C,24.37,none,0,16.14,89.5
S00373,2025-01-06,CLT-CMH,Palmetto Freight Systems,250.0,3567,2M,34.06,none,0,267.26,1482.1
S00321,2025-01-09,CLT-CMH,BlueRidge LTL,175.0,5384,5M,32.41,none,0,383.88,2128.81
S00358,2025-01-15,CLT-CMH,Palmetto Freight Systems,50.0,1654,1M,13.38,none,0,48.67,269.92
S00299,2025-01-17,CLT-CMH,Cardinal Motor Freight,250.0,6110,5M,36.76,none,0,494.09,2739.98
S00371,2025-01-19,CLT-CMH,Palmetto Freight Systems,92.5,1398,1M,23.98,limited_access,85,73.75,493.95
S00391,2025-01-19,CLT-CMH,Crossroads Freight Co,100.0,3591,2M,27.86,none,0,220.11,1220.63
S00335,2025-01-22,CLT-CMH,BlueRidge LTL,77.5,5211,5M,18.18,none,0,208.38,1155.57
S00392,2025-01-23,CLT-CMH,Crossroads Freight Co,65.0,257,L5C,27.66,none,0,15.64,86.72
S00341,2025-01-24,CLT-CMH,BlueRidge LTL,60.0,335,L5C,26.53,none,0,19.55,108.42
S00320,2025-01-27,CLT-CMH,BlueRidge LTL,55.0,753,M5C,19.43,none,0,32.18,178.45
S00384,2025-01-28,CLT-CMH,Crossroads Freight Co,55.0,2406,2M,13.82,none,0,73.16,405.71
S00297,2025-01-29,CLT-CMH,Cardinal Motor Freight,50.0,1846,1M,18.04,liftgate,95,73.28,501.35
S00379,2025-01-31,CLT-CMH,Palmetto Freight Systems,125.0,3381,2M,27.12,none,0,201.71,1118.6
S00354,2025-02-04,CLT-CMH,Palmetto Freight Systems,250.0,5129,5M,38.03,none,0,429.17,2379.96
S00319,2025-02-06,CLT-CMH,Cardinal Motor Freight,200.0,342,L5C,62.04,limited_access,85,46.68,343.84
S00398,2025-02-08,CLT-CMH,Crossroads Freight Co,175.0,2513,2M,36.93,residential,110,204.16,1242.18
S00382,2025-02-11,CLT-CMH,Palmetto Freight Systems,100.0,7845,5M,18.05,liftgate,95,311.51,1822.47
S00375,2025-02-13,CLT-CMH,Palmetto Freight Systems,125.0,4083,2M,28.5,none,0,256.0,1419.65
S00296,2025-02-14,CLT-CMH,Cardinal Motor Freight,100.0,3462,2M,21.62,limited_access,85,164.64,997.99
S00327,2025-02-17,CLT-CMH,BlueRidge LTL,85.0,4728,2M,19.1,residential,110,198.65,1211.61
S00343,2025-02-21,CLT-CMH,BlueRidge LTL,92.5,7550,5M,19.74,liftgate,95,327.93,1913.54
S00365,2025-03-11,CLT-CMH,Palmetto Freight Systems,70.0,5826,5M,13.34,liftgate,95,170.93,1042.88
S00333,2025-03-20,CLT-CMH,BlueRidge LTL,175.0,3419,2M,39.12,none,0,294.29,1631.96
S00401,2025-03-20,CLT-CMH,Crossroads Freight Co,150.0,3629,2M,28.49,residential,110,227.48,1371.47
S00367,2025-03-22,CLT-CMH,Palmetto Freight Systems,200.0,6571,5M,28.45,none,0,411.21,2280.37
S00406,2025-03-23,CLT-CMH,Crossroads Freight Co,200.0,1451,1M,49.15,none,0,156.9,870.06
S00404,2025-03-25,CLT-CMH,Crossroads Freight Co,250.0,4942,2M,38.25,none,0,415.88,2306.25
S00374,2025-03-27,CLT-CMH,Palmetto Freight Systems,125.0,6736,5M,23.98,liftgate,95,355.33,2065.47
S00338,2025-04-08,CLT-CMH,BlueRidge LTL,125.0,7039,5M,23.46,liftgate,95,363.29,2109.61
S00386,2025-04-09,CLT-CMH,Crossroads Freight Co,77.5,2119,2M,18.29,none,0,85.28,472.92
S00325,2025-04-10,CLT-CMH,BlueRidge LTL,175.0,7346,5M,30.28,none,0,489.4,2713.92
S00363,2025-04-16,CLT-CMH,Palmetto Freight Systems,175.0,5854,5M,26.43,limited_access,85,340.36,1972.46
S00366,2025-04-21,CLT-CMH,Palmetto Freight Systems,150.0,1910,1M,34.07,none,0,143.14,793.8
S00378,2025-04-22,CLT-CMH,Palmetto Freight Systems,60.0,245,L5C,27.69,residential,110,14.93,192.77
S00376,2025-04-24,CLT-CMH,Palmetto Freight Systems,200.0,4488,2M,46.99,none,0,463.99,2573.06
S00400,2025-04-24,CLT-CMH,Crossroads Freight Co,55.0,7071,5M,12.53,none,0,194.97,1081.22
S00293,2025-04-28,CLT-CMH,Cardinal Motor Freight,200.0,6432,5M,30.82,none,0,436.15,2418.67
S00300,2025-05-05,CLT-CMH,Cardinal Motor Freight,50.0,2865,2M,13.69,residential,110,86.26,588.36
S00405,2025-05-07,CLT-CMH,Crossroads Freight Co,85.0,3522,2M,21.83,none,0,169.17,938.13
S00305,2025-05-11,CLT-CMH,Cardinal Motor Freight,175.0,4913,2M,35.48,none,0,383.54,2126.89
S00322,2025-05-11,CLT-CMH,BlueRidge LTL,85.0,3890,2M,21.37,none,0,182.87,1014.08
S00393,2025-05-20,CLT-CMH,Crossroads Freight Co,175.0,3484,2M,37.94,none,0,290.83,1612.78
S00308,2025-05-25,CLT-CMH,Cardinal Motor Freight,60.0,7060,5M,12.01,none,0,186.48,1034.1
S00318,2025-05-29,CLT-CMH,Cardinal Motor Freight,50.0,6790,5M,10.39,residential,110,155.15,970.36
S00346,2025-06-01,CLT-CMH,BlueRidge LTL,55.0,5567,5M,12.3,limited_access,85,150.66,920.49
S00403,2025-06-01,CLT-CMH,Crossroads Freight Co,70.0,7242,5M,15.44,none,0,246.0,1364.21
S00359,2025-06-06,CLT-CMH,Palmetto Freight Systems,110.0,7657,5M,21.45,none,0,361.39,2004.08
S00390,2025-06-08,CLT-CMH,Crossroads Freight Co,55.0,877,M5C,23.28,none,0,44.92,249.09
S00388,2025-06-14,CLT-CMH,Crossroads Freight Co,200.0,5488,5M,30.71,residential,110,370.72,2165.82
S00309,2025-06-17,CLT-CMH,Cardinal Motor Freight,150.0,6842,5M,27.14,none,0,408.52,2265.43
S00347,2025-06-17,CLT-CMH,BlueRidge LTL,77.5,4307,2M,20.2,residential,110,191.41,1171.45
S00311,2025-06-29,CLT-CMH,Cardinal Motor Freight,150.0,7761,5M,26.21,liftgate,95,447.59,2577.09
S00409,2025-06-30,CLT-CMH,Crossroads Freight Co,50.0,1748,1M,17.72,residential,110,68.13,487.8
S00349,2025-07-01,CLT-CMH,Palmetto Freight Systems,50.0,1225,1M,16.19,none,0,43.63,241.96
S00331,2025-07-02,CLT-CMH,BlueRidge LTL,100.0,2489,2M,25.55,residential,110,139.92,885.94
S00383,2025-07-08,CLT-CMH,Palmetto Freight Systems,200.0,4510,2M,40.06,none,0,397.48,2204.18
S00324,2025-07-09,CLT-CMH,BlueRidge LTL,55.0,2049,2M,15.33,none,0,69.12,383.3
S00339,2025-07-09,CLT-CMH,BlueRidge LTL,50.0,4242,2M,14.93,residential,110,139.34,882.71
S00364,2025-07-10,CLT-CMH,Palmetto Freight Systems,175.0,444,L5C,61.01,inside_delivery,150,59.59,480.46
S00353,2025-07-21,CLT-CMH,Palmetto Freight Systems,125.0,7687,5M,24.17,none,0,408.67,2266.28
S00301,2025-07-24,CLT-CMH,Cardinal Motor Freight,250.0,6365,5M,34.72,none,0,486.19,2696.17
S00407,2025-07-28,CLT-CMH,Crossroads Freight Co,100.0,1813,1M,26.29,none,0,104.86,581.49
S00312,2025-07-30,CLT-CMH,Cardinal Motor Freight,125.0,1745,1M,34.51,none,0,132.48,734.68
S00342,2025-08-01,CLT-CMH,BlueRidge LTL,100.0,7508,5M,21.09,inside_delivery,150,348.43,2082.19
S00350,2025-08-05,CLT-CMH,Palmetto Freight Systems,92.5,5737,5M,17.74,none,0,223.92,1241.72
S00397,2025-08-07,CLT-CMH,Crossroads Freight Co,110.0,4070,2M,23.6,none,0,211.34,1171.96
S00387,2025-08-17,CLT-CMH,Crossroads Freight Co,150.0,165,L5C,58.71,inside_delivery,150,21.31,268.19
S00315,2025-08-19,CLT-CMH,Cardinal Motor Freight,125.0,391,L5C,45.56,residential,110,39.19,327.33
S00369,2025-08-19,CLT-CMH,Palmetto Freight Systems,125.0,2261,2M,21.72,none,0,108.05,599.17
S00323,2025-08-21,CLT-CMH,BlueRidge LTL,100.0,6112,5M,21.54,none,0,289.58,1605.86
S00361,2025-08-21,CLT-CMH,Palmetto Freight Systems,70.0,6140,5M,11.9,limited_access,85,160.7,976.15
S00380,2025-08-23,CLT-CMH,Palmetto Freight Systems,100.0,5530,5M,20.46,residential,110,248.87,1490.11
S00352,2025-09-01,CLT-CMH,Palmetto Freight Systems,92.5,1419,1M,27.05,none,0,84.46,468.34
S00330,2025-09-04,CLT-CMH,BlueRidge LTL,85.0,2145,2M,21.05,none,0,99.33,550.83
S00385,2025-09-14,CLT-CMH,Crossroads Freight Co,77.5,686,M5C,29.74,residential,110,44.88,358.9
S00408,2025-09-14,CLT-CMH,Crossroads Freight Co,125.0,4521,2M,27.71,none,0,275.64,1528.56
S00396,2025-09-15,CLT-CMH,Crossroads Freight Co,70.0,5381,5M,16.84,none,0,199.36,1105.57
S00326,2025-09-16,CLT-CMH,BlueRidge LTL,50.0,2643,2M,16.56,liftgate;inside_delivery,245,96.3,779.04
S00345,2025-09-16,CLT-CMH,BlueRidge LTL,250.0,5441,5M,37.97,none,0,454.57,2520.77
S00368,2025-09-16,CLT-CMH,Palmetto Freight Systems,77.5,3236,2M,16.3,none,0,116.01,643.32
S00372,2025-09-23,CLT-CMH,Palmetto Freight Systems,100.0,2860,2M,23.51,none,0,147.95,820.43
S00334,2025-09-27,CLT-CMH,BlueRidge LTL,175.0,6069,5M,32.17,liftgate,95,429.53,2476.96
S00394,2025-09-27,CLT-CMH,Crossroads Freight Co,65.0,7471,5M,12.73,none,0,209.31,1160.7
S00389,2025-09-29,CLT-CMH,Crossroads Freight Co,50.0,1880,1M,18.03,none,0,74.55,413.43
S00307,2025-10-13,CLT-CMH,Cardinal Motor Freight,85.0,4426,2M,20.61,none,0,200.69,1112.91
S00317,2025-10-23,CLT-CMH,Cardinal Motor Freight,60.0,1725,1M,20.28,liftgate;residential,205,76.97,631.85
S00295,2025-10-27,CLT-CMH,Cardinal Motor Freight,55.0,1240,1M,18.16,none,0,49.53,274.67
S00303,2025-11-01,CLT-CMH,Cardinal Motor Freight,65.0,929,M5C,19.95,none,0,40.78,226.14
S00362,2025-11-02,CLT-CMH,Palmetto Freight Systems,125.0,691,M5C,38.14,none,0,57.99,321.57
S00357,2025-11-06,CLT-CMH,Palmetto Freight Systems,50.0,3638,2M,15.04,none,0,120.34,667.34
S00298,2025-11-10,CLT-CMH,Cardinal Motor Freight,100.0,2554,2M,23.14,none,0,130.04,721.16
S00332,2025-11-10,CLT-CMH,BlueRidge LTL,100.0,3886,2M,24.81,liftgate;limited_access,180,212.14,1356.4
S00402,2025-11-16,CLT-CMH,Crossroads Freight Co,85.0,7629,5M,17.62,none,0,295.65,1639.53
S00310,2025-11-17,CLT-CMH,Cardinal Motor Freight,77.5,1175,1M,22.42,none,0,57.95,321.36
S00340,2025-11-17,CLT-CMH,BlueRidge LTL,65.0,5188,5M,15.14,none,0,172.82,958.36
S00314,2025-11-19,CLT-CMH,Cardinal Motor Freight,92.5,6853,5M,15.59,none,0,235.0,1303.18
S00360,2025-11-22,CLT-CMH,Palmetto Freight Systems,150.0,6106,5M,22.99,none,0,308.88,1712.85
S00348,2025-11-24,CLT-CMH,BlueRidge LTL,110.0,1565,1M,28.95,none,0,99.66,552.67
S00344,2025-11-27,CLT-CMH,BlueRidge LTL,110.0,6800,5M,22.52,none,0,336.94,1868.49
S00328,2025-11-29,CLT-CMH,BlueRidge LTL,100.0,6765,5M,20.25,none,0,301.45,1671.69
S00336,2025-11-29,CLT-CMH,BlueRidge LTL,77.5,6288,5M,15.87,residential,110,219.57,1327.61
S00395,2025-12-01,CLT-CMH,Crossroads Freight Co,200.0,2438,2M,39.17,none,0,210.12,1165.19
S00356,2025-12-02,CLT-CMH,Palmetto Freight Systems,50.0,502,M5C,18.11,none,0,20.0,110.91
S00370,2025-12-07,CLT-CMH,Palmetto Freight Systems,125.0,6108,5M,23.0,liftgate,95,309.06,1808.87
S00381,2025-12-10,CLT-CMH,Palmetto Freight Systems,77.5,5907,5M,15.57,none,0,202.34,1122.05
S00399,2025-12-11,CLT-CMH,Crossroads Freight Co,85.0,5746,5M,17.09,none,0,216.06,1198.14
S00355,2025-12-15,CLT-CMH,Palmetto Freight Systems,70.0,2079,2M,19.26,liftgate,95,88.07,583.41
S00302,2025-12-18,CLT-CMH,Cardinal Motor Freight,250.0,5552,5M,37.5,inside_delivery,150,458.03,2689.98
S00306,2025-12-19,CLT-CMH,Cardinal Motor Freight,55.0,2185,2M,15.38,residential,110,73.91,519.88
S00351,2025-12-19,CLT-CMH,Palmetto Freight Systems,85.0,1829,1M,24.78,none,0,99.71,552.94
S00377,2025-12-25,CLT-CMH,Palmetto Freight Systems,85.0,2634,2M,19.81,liftgate,95,114.78,731.51
S00304,2025-12-26,CLT-CMH,Cardinal Motor Freight,70.0,7653,5M,13.14,none,0,221.3,1227.22
S00313,2025-12-30,CLT-CMH,Cardinal Motor Freight,60.0,7171,5M,11.07,none,0,174.71,968.87
S00129,2025-01-01,CLT-RIC,BlueRidge LTL,100.0,5942,5M,22.65,none,0,296.15,1642.29
S00139,2025-01-02,CLT-RIC,BlueRidge LTL,150.0,3891,2M,44.29,none,0,379.16,2102.59
S00143,2025-01-02,CLT-RIC,BlueRidge LTL,125.0,2023,2M,37.06,none,0,164.93,914.63
S00107,2025-01-08,CLT-RIC,Piedmont Freight Line,55.0,3358,2M,19.27,liftgate,95,142.38,884.54
S00135,2025-01-14,CLT-RIC,BlueRidge LTL,125.0,3302,2M,38.12,inside_delivery,150,276.94,1685.75
S00140,2025-01-28,CLT-RIC,BlueRidge LTL,125.0,5828,5M,31.96,residential,110,409.72,2382.07
S00121,2025-01-29,CLT-RIC,BlueRidge LTL,70.0,2853,2M,23.3,none,0,146.21,810.82
S00145,2025-02-09,CLT-RIC,Crossroads Freight Co,175.0,4992,2M,47.5,none,0,521.68,2892.97
S00125,2025-02-13,CLT-RIC,BlueRidge LTL,175.0,5408,5M,41.19,none,0,490.08,2717.72
S00117,2025-03-09,CLT-RIC,BlueRidge LTL,85.0,4650,2M,27.71,none,0,283.45,1571.87
S00115,2025-03-17,CLT-RIC,Piedmont Freight Line,55.0,2287,2M,18.59,none,0,93.54,518.72
S00132,2025-03-27,CLT-RIC,BlueRidge LTL,50.0,2024,2M,18.86,liftgate,95,83.96,560.62
S00144,2025-04-05,CLT-RIC,BlueRidge LTL,125.0,1944,1M,47.82,residential,110,204.5,1244.05
S00138,2025-04-07,CLT-RIC,BlueRidge LTL,175.0,4365,2M,44.61,none,0,428.42,2375.78
S00147,2025-05-07,CLT-RIC,Crossroads Freight Co,77.5,7507,5M,19.81,none,0,327.25,1814.73
S00131,2025-07-10,CLT-RIC,BlueRidge LTL,175.0,445,L5C,87.88,none,0,86.03,477.08
S00113,2025-07-17,CLT-RIC,Piedmont Freight Line,50.0,6967,5M,14.91,inside_delivery,150,228.46,1416.89
S00119,2025-07-17,CLT-RIC,BlueRidge LTL,85.0,4941,2M,28.04,none,0,304.8,1690.23
S00133,2025-08-03,CLT-RIC,BlueRidge LTL,100.0,2326,2M,32.22,none,0,164.89,914.39
S00111,2025-08-16,CLT-RIC,Piedmont Freight Line,55.0,7157,5M,14.77,none,0,232.49,1289.28
S00137,2025-08-16,CLT-RIC,BlueRidge LTL,110.0,4271,2M,35.55,none,0,334.04,1852.39
S00116,2025-08-20,CLT-RIC,Piedmont Freight Line,110.0,1249,1M,34.76,none,0,95.52,529.71
S00110,2025-08-23,CLT-RIC,Piedmont Freight Line,85.0,5120,5M,20.73,none,0,233.47,1294.71
S00148,2025-08-25,CLT-RIC,Crossroads Freight Co,110.0,736,M5C,46.28,none,0,74.94,415.57
S00142,2025-09-16,CLT-RIC,BlueRidge LTL,50.0,7047,5M,17.16,none,0,266.02,1475.18
S00118,2025-09-20,CLT-RIC,BlueRidge LTL,70.0,4884,2M,26.56,none,0,285.38,1582.54
S00146,2025-10-03,CLT-RIC,Crossroads Freight Co,200.0,294,L5C,80.72,none,0,52.21,289.51
S00123,2025-10-05,CLT-RIC,BlueRidge LTL,175.0,6351,5M,41.47,liftgate,95,579.45,3308.31
S00130,2025-10-08,CLT-RIC,BlueRidge LTL,175.0,4302,2M,51.89,none,0,491.07,2723.19
S00120,2025-10-09,CLT-RIC,BlueRidge LTL,60.0,4821,2M,22.98,liftgate,95,243.72,1446.55
S00112,2025-10-12,CLT-RIC,Piedmont Freight Line,77.5,6224,5M,19.95,none,0,273.12,1514.6
S00128,2025-10-16,CLT-RIC,BlueRidge LTL,125.0,2818,2M,40.05,residential,110,248.26,1486.74
S00108,2025-10-21,CLT-RIC,Piedmont Freight Line,77.5,2813,2M,24.48,none,0,151.48,840.01
S00150,2025-11-03,CLT-RIC,Crossroads Freight Co,50.0,952,M5C,21.2,none,0,44.39,246.18
S00126,2025-11-11,CLT-RIC,BlueRidge LTL,85.0,2484,2M,27.35,none,0,149.46,828.84
S00141,2025-11-12,CLT-RIC,BlueRidge LTL,50.0,632,M5C,26.62,none,0,37.01,205.23
S00127,2025-11-20,CLT-RIC,BlueRidge LTL,85.0,3722,2M,31.97,none,0,261.79,1451.74
S00109,2025-11-24,CLT-RIC,Piedmont Freight Line,92.5,5819,5M,22.05,none,0,282.29,1565.45
S00114,2025-11-25,CLT-RIC,Piedmont Freight Line,175.0,3310,2M,43.66,none,0,317.92,1763.02
S00122,2025-12-01,CLT-RIC,BlueRidge LTL,150.0,5603,5M,32.72,none,0,403.27,2236.29
S00136,2025-12-05,CLT-RIC,BlueRidge LTL,110.0,6269,5M,30.13,residential,110,415.54,2414.36
S00124,2025-12-27,CLT-RIC,BlueRidge LTL,70.0,5584,5M,22.86,none,0,280.81,1557.23
S00134,2025-12-28,CLT-RIC,BlueRidge LTL,85.0,7051,5M,22.04,none,0,341.84,1895.64
S00149,2025-12-30,CLT-RIC,Crossroads Freight Co,65.0,6102,5M,18.3,none,0,245.66,1362.32
S00576,2025-01-01,DFW-ATL,BlueRidge LTL,250.0,1193,1M,51.96,inside_delivery,150,136.38,906.29
S00580,2025-01-03,DFW-ATL,BlueRidge LTL,110.0,1305,1M,31.53,none,0,90.52,501.98
S00625,2025-01-19,DFW-ATL,Palmetto Freight Systems,92.5,6382,5M,17.69,none,0,248.35,1377.22
S00596,2025-01-20,DFW-ATL,BlueRidge LTL,200.0,4828,2M,44.65,none,0,474.22,2629.74
S00617,2025-01-21,DFW-ATL,Palmetto Freight Systems,250.0,1012,1M,49.71,residential,110,110.67,723.71
S00607,2025-02-12,DFW-ATL,Palmetto Freight Systems,70.0,1499,1M,24.68,none,0,81.4,451.42
S00611,2025-02-12,DFW-ATL,Palmetto Freight Systems,85.0,7613,5M,14.97,none,0,250.74,1390.46
S00631,2025-02-13,DFW-ATL,Palmetto Freight Systems,92.5,6192,5M,17.48,none,0,238.13,1320.55
S00605,2025-02-14,DFW-ATL,BlueRidge LTL,50.0,7634,5M,12.36,none,0,207.61,1151.29
S00567,2025-02-17,DFW-ATL,Piedmont Freight Line,55.0,490,L5C,20.6,none,0,22.21,123.17
S00583,2025-02-23,DFW-ATL,BlueRidge LTL,55.0,2637,2M,16.41,none,0,95.19,527.85
S00614,2025-02-24,DFW-ATL,Palmetto Freight Systems,125.0,691,M5C,43.37,none,0,65.93,365.6
S00581,2025-03-08,DFW-ATL,BlueRidge LTL,200.0,1709,1M,50.22,none,0,188.83,1047.15
S00584,2025-03-26,DFW-ATL,BlueRidge LTL,92.5,915,M5C,31.82,inside_delivery,150,64.06,505.25
S00629,2025-03-30,DFW-ATL,Palmetto Freight Systems,200.0,2129,2M,33.7,residential;inside_delivery,260,157.85,1135.33
S00572,2025-04-01,DFW-ATL,Piedmont Freight Line,77.5,7317,5M,14.62,none,0,235.32,1304.98
S00635,2025-04-05,DFW-ATL,Palmetto Freight Systems,77.5,6884,5M,13.77,none,0,208.5,1156.22
S00608,2025-04-14,DFW-ATL,Palmetto Freight Systems,65.0,7488,5M,13.31,none,0,219.23,1215.71
S00568,2025-04-16,DFW-ATL,Piedmont Freight Line,50.0,1195,1M,16.64,none,0,43.74,242.54
S00603,2025-04-17,DFW-ATL,BlueRidge LTL,125.0,154,L5C,43.37,residential,110,14.7,191.49
S00577,2025-04-25,DFW-ATL,BlueRidge LTL,70.0,1234,1M,22.57,none,0,61.28,339.82
S00566,2025-05-10,DFW-ATL,Piedmont Freight Line,85.0,4494,2M,20.2,limited_access,85,199.72,1192.56
S00592,2025-05-11,DFW-ATL,BlueRidge LTL,175.0,1243,1M,49.08,liftgate,95,134.21,839.26
S00578,2025-05-17,DFW-ATL,BlueRidge LTL,92.5,7463,5M,20.45,none,0,335.72,1861.69
S00598,2025-05-17,DFW-ATL,BlueRidge LTL,85.0,7441,5M,21.07,none,0,344.94,1912.83
S00593,2025-05-25,DFW-ATL,BlueRidge LTL,100.0,1497,1M,29.45,liftgate,95,96.98,632.81
S00588,2025-05-27,DFW-ATL,BlueRidge LTL,77.5,841,M5C,28.67,none,0,53.04,294.15
S00610,2025-05-31,DFW-ATL,Palmetto Freight Systems,100.0,5217,5M,16.0,none,0,183.69,1018.63
S00616,2025-06-22,DFW-ATL,Palmetto Freight Systems,100.0,4279,2M,23.78,none,0,223.82,1241.18
S00587,2025-06-23,DFW-ATL,BlueRidge LTL,175.0,5974,5M,29.43,inside_delivery,150,386.84,2295.2
S00626,2025-06-25,DFW-ATL,Palmetto Freight Systems,110.0,640,M5C,35.77,none,0,50.36,279.27
S00630,2025-06-29,DFW-ATL,Palmetto Freight Systems,85.0,3193,2M,19.44,none,0,136.59,757.43
S00579,2025-07-04,DFW-ATL,BlueRidge LTL,70.0,6161,5M,14.87,none,0,201.49,1117.38
S00599,2025-07-05,DFW-ATL,BlueRidge LTL,50.0,5791,5M,12.39,none,0,157.91,875.66
S00628,2025-07-15,DFW-ATL,Palmetto Freight Systems,175.0,3256,2M,35.73,none,0,255.96,1419.41
S00604,2025-07-16,DFW-ATL,BlueRidge LTL,60.0,3001,2M,16.35,none,0,107.97,598.72
S00618,2025-07-18,DFW-ATL,Palmetto Freight Systems,70.0,2979,2M,19.08,liftgate,95,125.07,788.56
S00569,2025-07-29,DFW-ATL,Piedmont Freight Line,55.0,3411,2M,14.07,liftgate,95,105.57,680.45
S00632,2025-08-02,DFW-ATL,Palmetto Freight Systems,150.0,6760,5M,26.85,none,0,399.34,2214.53
S00571,2025-08-12,DFW-ATL,Piedmont Freight Line,65.0,2312,2M,15.14,none,0,77.03,427.17
S00590,2025-08-12,DFW-ATL,BlueRidge LTL,250.0,5689,5M,45.41,none,0,568.38,3151.91
S00574,2025-08-26,DFW-ATL,Piedmont Freight Line,100.0,1829,1M,28.32,limited_access,85,113.95,716.93
S00609,2025-08-27,DFW-ATL,Palmetto Freight Systems,250.0,7045,5M,45.51,none,0,705.32,3911.3
S00565,2025-08-28,DFW-ATL,Piedmont Freight Line,85.0,2527,2M,20.07,none,0,111.57,618.7
S00585,2025-08-30,DFW-ATL,BlueRidge LTL,250.0,1091,1M,60.41,none,0,145.0,804.08
S00595,2025-08-30,DFW-ATL,BlueRidge LTL,60.0,7176,5M,14.5,inside_delivery,150,228.96,1419.71
S00613,2025-09-12,DFW-ATL,Palmetto Freight Systems,110.0,6178,5M,23.88,none,0,324.59,1799.99
S00601,2025-09-15,DFW-ATL,BlueRidge LTL,55.0,7897,5M,12.66,none,0,219.89,1219.37
S00633,2025-09-15,DFW-ATL,Palmetto Freight Systems,65.0,6976,5M,13.74,none,0,210.88,1169.45
S00575,2025-09-20,DFW-ATL,BlueRidge LTL,175.0,6419,5M,35.97,none,0,507.94,2816.77
S00621,2025-09-27,DFW-ATL,Palmetto Freight Systems,110.0,1454,1M,28.25,none,0,90.35,501.05
S00573,2025-10-10,DFW-ATL,Piedmont Freight Line,55.0,3572,2M,15.35,liftgate,95,120.63,763.94
S00612,2025-10-10,DFW-ATL,Palmetto Freight Systems,70.0,1258,1M,18.46,none,0,51.08,283.26
S00591,2025-10-11,DFW-ATL,BlueRidge LTL,77.5,7108,5M,17.69,none,0,276.71,1534.46
S00594,2025-10-14,DFW-ATL,BlueRidge LTL,55.0,725,M5C,20.21,none,0,32.23,178.73
S00600,2025-10-22,DFW-ATL,BlueRidge LTL,250.0,6219,5M,38.83,residential;limited_access,195,531.26,3141.1
S00582,2025-10-24,DFW-ATL,BlueRidge LTL,77.5,5186,5M,16.71,liftgate,95,190.62,1152.08
S00624,2025-11-01,DFW-ATL,Palmetto Freight Systems,50.0,2498,2M,12.28,none,0,67.46,374.12
S00634,2025-11-02,DFW-ATL,Palmetto Freight Systems,70.0,1084,1M,20.13,none,0,48.0,266.18
S00589,2025-11-03,DFW-ATL,BlueRidge LTL,70.0,4162,2M,18.2,none,0,166.61,923.93
S00606,2025-11-12,DFW-ATL,BlueRidge LTL,92.5,2376,2M,22.77,residential;limited_access,195,119.02,855.04
S00622,2025-11-15,DFW-ATL,Palmetto Freight Systems,92.5,4694,2M,22.58,liftgate,95,233.19,1388.17
S00597,2025-11-16,DFW-ATL,BlueRidge LTL,92.5,3907,2M,24.19,none,0,207.96,1153.25
S00620,2025-11-16,DFW-ATL,Palmetto Freight Systems,92.5,5760,5M,16.91,none,0,214.24,1188.07
S00570,2025-11-24,DFW-ATL,Piedmont Freight Line,50.0,867,M5C,18.31,none,0,34.93,193.72
S00602,2025-11-27,DFW-ATL,BlueRidge LTL,200.0,6891,5M,36.65,limited_access,85,555.66,3166.38
S00623,2025-11-28,DFW-ATL,Palmetto Freight Systems,110.0,7365,5M,15.87,none,0,257.08,1425.63
S00615,2025-12-07,DFW-ATL,Palmetto Freight Systems,55.0,5557,5M,9.8,none,0,119.8,664.32
S00619,2025-12-19,DFW-ATL,Palmetto Freight Systems,92.5,7299,5M,17.34,none,0,278.46,1544.19
S00627,2025-12-20,DFW-ATL,Palmetto Freight Systems,85.0,6032,5M,13.53,none,0,179.56,995.77
S00586,2025-12-27,DFW-ATL,BlueRidge LTL,200.0,7557,5M,33.64,none,0,559.25,3101.27
S00904,2025-01-02,DFW-IAH,BlueRidge LTL,125.0,6055,5M,32.5,none,0,432.93,2400.78
S00890,2025-01-08,DFW-IAH,Piedmont Freight Line,65.0,2102,2M,21.36,liftgate,95,98.78,642.8
S00896,2025-01-13,DFW-IAH,Cardinal Motor Freight,250.0,4233,2M,51.06,none,0,475.5,2636.87
S00880,2025-01-19,DFW-IAH,Piedmont Freight Line,77.5,5284,5M,20.03,inside_delivery,150,232.88,1441.41
S00908,2025-01-19,DFW-IAH,BlueRidge LTL,65.0,5879,5M,18.73,none,0,242.26,1343.43
S00902,2025-01-25,DFW-IAH,Cardinal Motor Freight,60.0,3353,2M,17.75,none,0,130.91,725.94
S00922,2025-01-27,DFW-IAH,BlueRidge LTL,250.0,7180,5M,55.56,limited_access,85,877.57,4951.51
S00926,2025-01-27,DFW-IAH,BlueRidge LTL,55.0,6442,5M,16.23,none,0,229.98,1275.32
S00891,2025-01-28,DFW-IAH,Cardinal Motor Freight,100.0,7234,5M,26.25,none,0,417.72,2316.44
S00893,2025-01-29,DFW-IAH,Cardinal Motor Freight,100.0,3715,2M,29.4,inside_delivery,150,240.3,1482.58
S00868,2025-02-01,DFW-IAH,Piedmont Freight Line,125.0,1401,1M,42.73,none,0,131.71,730.39
S00947,2025-02-04,DFW-IAH,Crossroads Freight Co,175.0,2788,2M,53.84,limited_access,85,330.23,1916.25
S00867,2025-02-08,DFW-IAH,Piedmont Freight Line,70.0,2425,2M,21.5,none,0,114.7,636.07
S00956,2025-02-08,DFW-IAH,Crossroads Freight Co,110.0,7696,5M,23.93,none,0,405.16,2246.78
S00916,2025-02-10,DFW-IAH,BlueRidge LTL,175.0,1182,1M,59.16,none,0,153.84,853.09
S00918,2025-02-13,DFW-IAH,BlueRidge LTL,77.5,6970,5M,21.69,none,0,332.56,1844.21
S00931,2025-02-14,DFW-IAH,BlueRidge LTL,85.0,7387,5M,23.31,none,0,378.83,2100.8
S00950,2025-02-17,DFW-IAH,Crossroads Freight Co,50.0,1820,1M,23.42,none,0,93.77,519.98
S00917,2025-02-22,DFW-IAH,BlueRidge LTL,200.0,2843,2M,52.43,none,0,327.95,1818.62
S00969,2025-02-23,DFW-IAH,Crossroads Freight Co,70.0,1443,1M,28.22,none,0,89.6,496.88
S00959,2025-03-03,DFW-IAH,Crossroads Freight Co,125.0,7370,5M,30.55,limited_access,85,495.41,2832.3
S00940,2025-03-10,DFW-IAH,Palmetto Freight Systems,65.0,2496,2M,26.15,none,0,143.6,796.31
S00929,2025-03-11,DFW-IAH,BlueRidge LTL,150.0,4326,2M,49.52,liftgate,95,471.26,2708.35
S00961,2025-03-12,DFW-IAH,Crossroads Freight Co,100.0,1093,1M,42.54,none,0,102.29,567.25
S00901,2025-03-19,DFW-IAH,Cardinal Motor Freight,50.0,7746,5M,14.81,none,0,252.35,1399.41
S00910,2025-03-27,DFW-IAH,BlueRidge LTL,92.5,3887,2M,31.77,none,0,271.7,1506.71
S00900,2025-03-28,DFW-IAH,Cardinal Motor Freight,50.0,1147,1M,25.12,limited_access,85,63.39,436.52
S00887,2025-03-29,DFW-IAH,Piedmont Freight Line,100.0,6763,5M,22.94,inside_delivery,150,341.38,2043.08
S00882,2025-03-30,DFW-IAH,Piedmont Freight Line,50.0,7075,5M,14.2,none,0,221.01,1225.61
S00889,2025-03-30,DFW-IAH,Piedmont Freight Line,85.0,5028,5M,20.99,limited_access,85,232.13,1372.26
S00911,2025-04-03,DFW-IAH,BlueRidge LTL,150.0,1207,1M,51.84,none,0,137.65,763.34
S00905,2025-04-07,DFW-IAH,BlueRidge LTL,125.0,6954,5M,35.21,none,0,538.6,2986.77
S00953,2025-04-11,DFW-IAH,Crossroads Freight Co,60.0,2698,2M,22.75,none,0,135.02,748.77
S00941,2025-04-15,DFW-IAH,Palmetto Freight Systems,150.0,3413,2M,29.59,liftgate,95,222.18,1327.08
S00907,2025-04-16,DFW-IAH,BlueRidge LTL,50.0,2028,2M,20.6,none,0,91.9,509.64
S00877,2025-04-17,DFW-IAH,Piedmont Freight Line,65.0,6445,5M,17.01,none,0,241.16,1337.37
S00934,2025-04-19,DFW-IAH,BlueRidge LTL,175.0,6866,5M,42.65,none,0,644.17,3572.2
S00903,2025-04-29,DFW-IAH,BlueRidge LTL,175.0,4639,2M,52.81,none,0,538.94,2988.68
S00924,2025-05-05,DFW-IAH,BlueRidge LTL,250.0,6624,5M,50.67,none,0,738.47,4095.13
S00886,2025-05-09,DFW-IAH,Piedmont Freight Line,100.0,2925,2M,26.93,none,0,173.31,961.08
S00876,2025-05-11,DFW-IAH,Piedmont Freight Line,250.0,5492,5M,40.01,none,0,483.46,2681.0
S00909,2025-05-11,DFW-IAH,BlueRidge LTL,92.5,1186,1M,33.66,none,0,87.83,487.08
S00925,2025-05-13,DFW-IAH,BlueRidge LTL,92.5,762,M5C,40.66,none,0,68.17,378.02
S00927,2025-05-13,DFW-IAH,BlueRidge LTL,55.0,6689,5M,18.24,liftgate,95,268.36,1583.2
S00933,2025-05-17,DFW-IAH,BlueRidge LTL,70.0,1472,1M,29.91,none,0,96.85,537.06
S00962,2025-05-17,DFW-IAH,Crossroads Freight Co,85.0,525,M5C,37.6,none,0,43.43,240.86
S00869,2025-05-21,DFW-IAH,Piedmont Freight Line,100.0,2748,2M,28.05,none,0,169.6,940.51
S00958,2025-05-24,DFW-IAH,Crossroads Freight Co,110.0,6599,5M,32.3,liftgate,95,468.9,2695.27
S00883,2025-05-26,DFW-IAH,Piedmont Freight Line,125.0,3657,2M,35.59,none,0,286.34,1587.87
S00875,2025-06-03,DFW-IAH,Piedmont Freight Line,175.0,7450,5M,35.7,inside_delivery,150,585.16,3394.98
S00948,2025-06-03,DFW-IAH,Crossroads Freight Co,65.0,1235,1M,27.91,none,0,75.82,420.48
S00936,2025-06-04,DFW-IAH,Palmetto Freight Systems,55.0,5546,5M,16.92,residential,110,206.5,1255.16
S00968,2025-06-09,DFW-IAH,Crossroads Freight Co,55.0,5043,5M,16.56,liftgate;residential,205,183.67,1223.54
S00966,2025-06-10,DFW-IAH,Crossroads Freight Co,150.0,1384,1M,48.41,none,0,147.4,817.4
S00920,2025-06-12,DFW-IAH,BlueRidge LTL,125.0,2667,2M,35.59,residential;inside_delivery,260,208.8,1417.88
S00921,2025-06-13,DFW-IAH,BlueRidge LTL,125.0,2707,2M,38.4,limited_access,85,228.72,1353.33
S00914,2025-06-16,DFW-IAH,BlueRidge LTL,60.0,1591,1M,25.77,none,0,90.2,500.19
S00895,2025-06-17,DFW-IAH,Cardinal Motor Freight,60.0,3821,2M,20.19,none,0,169.71,941.13
S00944,2025-06-17,DFW-IAH,Palmetto Freight Systems,70.0,6120,5M,16.58,none,0,223.19,1237.66
S00862,2025-06-20,DFW-IAH,Piedmont Freight Line,50.0,4471,2M,18.25,none,0,179.49,995.36
S00872,2025-06-24,DFW-IAH,Piedmont Freight Line,60.0,3505,2M,18.77,none,0,144.71,802.5
S00951,2025-06-30,DFW-IAH,Crossroads Freight Co,55.0,1918,1M,21.36,none,0,90.15,499.91
S00932,2025-07-01,DFW-IAH,BlueRidge LTL,77.5,3845,2M,24.34,limited_access,85,205.93,1226.99
S00954,2025-07-02,DFW-IAH,Crossroads Freight Co,100.0,5177,5M,28.3,residential,110,322.3,1897.32
S00949,2025-07-03,DFW-IAH,Crossroads Freight Co,70.0,7668,5M,20.19,none,0,340.62,1888.88
S00874,2025-07-06,DFW-IAH,Piedmont Freight Line,125.0,7502,5M,29.67,liftgate,95,489.75,2810.91
S00894,2025-07-12,DFW-IAH,Cardinal Motor Freight,60.0,5876,5M,17.72,liftgate,95,229.09,1365.39
S00957,2025-07-12,DFW-IAH,Crossroads Freight Co,55.0,3360,2M,19.25,none,0,142.29,789.09
S00912,2025-07-17,DFW-IAH,BlueRidge LTL,92.5,4545,2M,26.51,none,0,265.03,1469.72
S00939,2025-07-18,DFW-IAH,Palmetto Freight Systems,125.0,5406,5M,24.2,none,0,287.82,1596.1
S00881,2025-07-26,DFW-IAH,Piedmont Freight Line,150.0,6165,5M,29.05,limited_access,85,394.0,2269.93
S00892,2025-08-02,DFW-IAH,Cardinal Motor Freight,150.0,7876,5M,31.9,none,0,552.7,3064.97
S00938,2025-08-02,DFW-IAH,Palmetto Freight Systems,50.0,2515,2M,20.72,none,0,114.62,635.62
S00923,2025-08-16,DFW-IAH,BlueRidge LTL,50.0,2516,2M,19.87,inside_delivery,150,110.0,760.0
S00879,2025-08-21,DFW-IAH,Piedmont Freight Line,125.0,1800,1M,44.67,liftgate,95,176.9,1076.0
S00963,2025-09-02,DFW-IAH,Crossroads Freight Co,110.0,7979,5M,29.82,none,0,523.52,2903.15
S00866,2025-09-04,DFW-IAH,Piedmont Freight Line,110.0,7731,5M,24.73,none,0,420.6,2332.45
S00965,2025-09-04,DFW-IAH,Crossroads Freight Co,77.5,3862,2M,25.18,liftgate,95,213.91,1281.21
S00937,2025-09-08,DFW-IAH,Palmetto Freight Systems,250.0,343,L5C,88.82,residential,110,67.02,481.68
S00946,2025-09-12,DFW-IAH,Palmetto Freight Systems,200.0,7226,5M,49.3,none,0,783.67,4345.81
S00888,2025-09-15,DFW-IAH,Piedmont Freight Line,77.5,5596,5M,17.29,none,0,212.82,1180.17
S00943,2025-09-16,DFW-IAH,Palmetto Freight Systems,100.0,2344,2M,30.87,liftgate,95,159.18,977.73
S00960,2025-09-20,DFW-IAH,Crossroads Freight Co,125.0,7470,5M,29.89,none,0,491.21,2723.99
S00970,2025-09-21,DFW-IAH,Crossroads Freight Co,77.5,4618,2M,28.87,none,0,293.31,1626.54
S00885,2025-10-01,DFW-IAH,Piedmont Freight Line,250.0,3845,2M,56.42,liftgate,95,477.28,2741.74
S00899,2025-10-03,DFW-IAH,Cardinal Motor Freight,250.0,3761,2M,60.87,residential,110,503.65,2902.97
S00898,2025-10-07,DFW-IAH,Cardinal Motor Freight,65.0,4655,2M,23.03,none,0,235.86,1307.95
S00906,2025-10-09,DFW-IAH,BlueRidge LTL,100.0,5801,5M,28.73,none,0,366.64,2033.2
S00952,2025-10-15,DFW-IAH,Crossroads Freight Co,92.5,1035,1M,36.0,none,0,81.98,454.61
S00864,2025-10-18,DFW-IAH,Piedmont Freight Line,92.5,2769,2M,28.0,inside_delivery;limited_access,235,170.57,1180.9
S00897,2025-10-22,DFW-IAH,Cardinal Motor Freight,55.0,2052,2M,19.44,liftgate;residential,205,87.74,691.57
S00884,2025-11-07,DFW-IAH,Piedmont Freight Line,125.0,7474,5M,25.4,none,0,417.65,2316.03
S00861,2025-11-11,DFW-IAH,Piedmont Freight Line,55.0,3495,2M,20.4,none,0,156.87,869.93
S00942,2025-11-11,DFW-IAH,Palmetto Freight Systems,60.0,1589,1M,22.26,none,0,77.83,431.62
S00878,2025-11-13,DFW-IAH,Piedmont Freight Line,125.0,6077,5M,30.11,none,0,402.58,2232.46
S00928,2025-11-13,DFW-IAH,BlueRidge LTL,77.5,5397,5M,20.67,none,0,245.44,1361.09
S00964,2025-11-26,DFW-IAH,Crossroads Freight Co,250.0,5054,5M,44.49,none,0,494.68,2743.25
S00870,2025-11-28,DFW-IAH,Piedmont Freight Line,60.0,6283,5M,16.82,liftgate,95,232.48,1384.21
S00945,2025-11-30,DFW-IAH,Palmetto Freight Systems,77.5,4891,2M,19.53,none,0,210.12,1165.22
S00913,2025-12-01,DFW-IAH,BlueRidge LTL,100.0,1912,1M,34.53,none,0,145.26,805.53
S00967,2025-12-03,DFW-IAH,Crossroads Freight Co,55.0,1034,1M,22.49,none,0,51.17,283.74
S00919,2025-12-06,DFW-IAH,BlueRidge LTL,55.0,5608,5M,20.09,none,0,247.91,1374.77
S00865,2025-12-07,DFW-IAH,Piedmont Freight Line,100.0,4143,2M,28.84,none,0,262.9,1457.9
S00873,2025-12-11,DFW-IAH,Piedmont Freight Line,77.5,1650,1M,26.04,none,0,94.53,524.19
S00863,2025-12-16,DFW-IAH,Piedmont Freight Line,50.0,2149,2M,18.86,none,0,89.18,494.57
S00871,2025-12-16,DFW-IAH,Piedmont Freight Line,85.0,714,M5C,33.73,none,0,52.99,293.83
S00915,2025-12-22,DFW-IAH,BlueRidge LTL,100.0,6996,5M,26.49,liftgate;inside_delivery,245,407.77,2506.28
S00935,2025-12-27,DFW-IAH,BlueRidge LTL,200.0,4892,2M,46.91,residential,110,504.91,2909.95
S00955,2025-12-28,DFW-IAH,Crossroads Freight Co,70.0,6343,5M,17.81,none,0,248.47,1377.86
S00930,2025-12-29,DFW-IAH,BlueRidge LTL,200.0,4672,2M,54.4,inside_delivery,150,559.15,3250.76
S00218,2025-01-05,GSO-BNA,Palmetto Freight Systems,77.5,2189,2M,18.16,none,0,87.46,485.01
S00178,2025-01-11,GSO-BNA,Cardinal Motor Freight,85.0,3719,2M,22.48,none,0,183.93,1019.98
S00192,2025-01-16,GSO-BNA,Cardinal Motor Freight,175.0,2164,2M,35.69,none,0,169.9,942.17
S00182,2025-01-18,GSO-BNA,Cardinal Motor Freight,200.0,3241,2M,40.66,none,0,289.94,1607.85
S00199,2025-01-25,GSO-BNA,BlueRidge LTL,175.0,773,M5C,50.1,none,0,85.21,472.51
S00156,2025-01-27,GSO-BNA,Piedmont Freight Line,70.0,2261,2M,18.14,limited_access,85,90.25,585.47
S00223,2025-01-31,GSO-BNA,Palmetto Freight Systems,50.0,673,M5C,15.94,limited_access,85,23.6,215.85
S00205,2025-02-01,GSO-BNA,Palmetto Freight Systems,70.0,6634,5M,15.56,liftgate,95,227.03,1354.0
S00235,2025-02-06,GSO-BNA,Crossroads Freight Co,100.0,6124,5M,19.61,liftgate,95,264.17,1559.96
S00175,2025-02-14,GSO-BNA,Cardinal Motor Freight,50.0,5687,5M,12.44,inside_delivery,150,155.58,1012.77
S00159,2025-02-18,GSO-BNA,Piedmont Freight Line,50.0,4543,2M,12.74,residential,110,127.33,816.11
S00209,2025-02-18,GSO-BNA,Palmetto Freight Systems,250.0,3313,2M,46.81,none,0,341.21,1892.16
S00219,2025-02-24,GSO-BNA,Palmetto Freight Systems,55.0,5089,5M,11.9,none,0,133.19,738.59
S00215,2025-03-05,GSO-BNA,Palmetto Freight Systems,60.0,1545,1M,20.39,none,0,69.3,384.28
S00216,2025-03-13,GSO-BNA,Palmetto Freight Systems,65.0,4287,2M,19.5,none,0,183.95,1020.11
S00158,2025-03-18,GSO-BNA,Piedmont Freight Line,92.5,1295,1M,24.95,liftgate;inside_delivery,245,71.08,639.17
S00212,2025-03-20,GSO-BNA,Palmetto Freight Systems,150.0,2597,2M,27.44,none,0,156.8,869.53
S00222,2025-03-24,GSO-BNA,Palmetto Freight Systems,150.0,6282,5M,23.41,none,0,323.49,1793.91
S00200,2025-03-26,GSO-BNA,BlueRidge LTL,70.0,698,M5C,24.38,none,0,37.43,207.59
S00179,2025-03-27,GSO-BNA,Cardinal Motor Freight,175.0,1276,1M,41.99,none,0,117.87,653.62
S00172,2025-03-28,GSO-BNA,Cardinal Motor Freight,70.0,2702,2M,18.87,none,0,112.14,621.88
S00188,2025-03-30,GSO-BNA,Cardinal Motor Freight,125.0,293,L5C,43.41,residential,110,27.98,265.19
S00196,2025-04-04,GSO-BNA,BlueRidge LTL,50.0,1550,1M,18.28,none,0,62.34,345.71
S00190,2025-04-10,GSO-BNA,Cardinal Motor Freight,175.0,6453,5M,26.37,none,0,374.41,2076.26
S00214,2025-04-21,GSO-BNA,Palmetto Freight Systems,250.0,5606,5M,29.43,none,0,362.95,2012.72
S00151,2025-04-24,GSO-BNA,Piedmont Freight Line,200.0,1955,1M,44.84,none,0,192.84,1069.37
S00176,2025-04-26,GSO-BNA,Cardinal Motor Freight,70.0,7502,5M,14.46,liftgate,95,238.73,1418.89
S00210,2025-04-26,GSO-BNA,Palmetto Freight Systems,77.5,2612,2M,16.35,none,0,93.95,521.02
S00227,2025-04-28,GSO-BNA,Palmetto Freight Systems,100.0,7811,5M,16.91,liftgate,95,290.67,1706.9
S00163,2025-05-01,GSO-BNA,Cardinal Motor Freight,100.0,1437,1M,30.74,none,0,97.2,539.0
S00161,2025-05-04,GSO-BNA,Piedmont Freight Line,175.0,5695,5M,27.88,none,0,349.31,1937.07
S00152,2025-05-15,GSO-BNA,Piedmont Freight Line,110.0,7168,5M,19.99,inside_delivery,150,315.25,1898.19
S00224,2025-05-22,GSO-BNA,Palmetto Freight Systems,125.0,5323,5M,22.81,inside_delivery,150,267.1,1631.18
S00220,2025-05-24,GSO-BNA,Palmetto Freight Systems,200.0,1327,1M,42.91,none,0,125.28,694.72
S00167,2025-05-25,GSO-BNA,Cardinal Motor Freight,65.0,5922,5M,13.89,limited_access,85,180.94,1088.37
S00165,2025-06-02,GSO-BNA,Cardinal Motor Freight,55.0,5278,5M,12.76,residential,110,148.12,931.4
S00217,2025-06-02,GSO-BNA,Palmetto Freight Systems,85.0,4275,2M,16.66,none,0,156.73,869.12
S00194,2025-06-04,GSO-BNA,Cardinal Motor Freight,92.5,2924,2M,22.13,none,0,142.34,789.32
S00166,2025-06-05,GSO-BNA,Cardinal Motor Freight,250.0,2172,2M,38.6,none,0,184.47,1022.97
S00183,2025-06-09,GSO-BNA,Cardinal Motor Freight,100.0,6951,5M,18.9,liftgate,95,288.98,1697.51
S00186,2025-06-19,GSO-BNA,Cardinal Motor Freight,60.0,1934,1M,20.78,liftgate,95,88.4,585.22
S00195,2025-06-22,GSO-BNA,Cardinal Motor Freight,110.0,6504,5M,19.96,none,0,285.66,1584.1
S00174,2025-06-23,GSO-BNA,Cardinal Motor Freight,100.0,1461,1M,23.74,residential,110,76.31,533.18
S00157,2025-06-25,GSO-BNA,Piedmont Freight Line,55.0,3917,2M,13.09,limited_access,85,112.77,710.37
S00180,2025-07-01,GSO-BNA,Cardinal Motor Freight,250.0,1540,1M,53.25,none,0,180.4,1000.38
S00153,2025-07-13,GSO-BNA,Piedmont Freight Line,250.0,3851,2M,40.04,residential,110,339.26,1991.37
S00233,2025-07-17,GSO-BNA,Crossroads Freight Co,55.0,1184,1M,19.31,none,0,50.29,278.88
S00184,2025-07-18,GSO-BNA,Cardinal Motor Freight,55.0,6133,5M,11.88,none,0,160.32,889.06
S00185,2025-07-19,GSO-BNA,Cardinal Motor Freight,100.0,2727,2M,25.56,none,0,153.37,850.52
S00211,2025-07-20,GSO-BNA,Palmetto Freight Systems,60.0,3279,2M,14.88,liftgate;residential,205,107.36,800.35
S00164,2025-07-22,GSO-BNA,Cardinal Motor Freight,200.0,2794,2M,38.0,none,0,233.61,1295.46
S00234,2025-07-30,GSO-BNA,Crossroads Freight Co,175.0,5985,5M,31.53,none,0,415.17,2302.31
S00229,2025-08-12,GSO-BNA,Crossroads Freight Co,55.0,1155,1M,18.94,none,0,48.12,266.82
S00169,2025-08-19,GSO-BNA,Cardinal Motor Freight,150.0,3163,2M,34.56,none,0,240.51,1333.76
S00162,2025-08-23,GSO-BNA,Cardinal Motor Freight,250.0,778,M5C,57.97,none,0,99.22,550.23
S00155,2025-08-26,GSO-BNA,Piedmont Freight Line,100.0,159,L5C,36.74,none,0,12.85,71.28
S00225,2025-08-30,GSO-BNA,Palmetto Freight Systems,250.0,2477,2M,50.32,none,0,274.2,1520.58
S00189,2025-09-02,GSO-BNA,Cardinal Motor Freight,125.0,3133,2M,27.86,none,0,192.03,1064.87
S00236,2025-09-09,GSO-BNA,Crossroads Freight Co,110.0,5311,5M,19.32,none,0,225.7,1251.59
S00187,2025-09-19,GSO-BNA,Cardinal Motor Freight,60.0,4407,2M,14.08,none,0,136.52,757.05
S00197,2025-09-19,GSO-BNA,BlueRidge LTL,175.0,4816,2M,39.1,none,0,414.23,2297.11
S00232,2025-09-23,GSO-BNA,Crossroads Freight Co,150.0,572,M5C,45.3,none,0,57.01,316.13
S00213,2025-10-03,GSO-BNA,Palmetto Freight Systems,200.0,4880,2M,32.42,none,0,348.11,1930.41
S00226,2025-10-08,GSO-BNA,Palmetto Freight Systems,92.5,2230,2M,19.41,liftgate;residential,205,95.24,733.17
S00231,2025-10-11,GSO-BNA,Crossroads Freight Co,110.0,6555,5M,21.13,none,0,304.68,1689.58
S00204,2025-10-15,GSO-BNA,BlueRidge LTL,92.5,6183,5M,19.83,none,0,269.68,1495.52
S00191,2025-10-17,GSO-BNA,Cardinal Motor Freight,65.0,6611,5M,12.83,none,0,186.64,1035.03
S00154,2025-10-18,GSO-BNA,Piedmont Freight Line,85.0,5065,5M,15.92,residential,110,177.42,1093.88
S00228,2025-10-24,GSO-BNA,Palmetto Freight Systems,65.0,2448,2M,14.75,none,0,79.44,440.54
S00207,2025-10-26,GSO-BNA,Palmetto Freight Systems,77.5,7367,5M,15.55,none,0,251.98,1397.34
S00208,2025-10-26,GSO-BNA,Palmetto Freight Systems,60.0,5443,5M,12.83,none,0,153.58,851.69
S00202,2025-10-27,GSO-BNA,BlueRidge LTL,175.0,5134,5M,35.29,none,0,398.61,2210.48
S00171,2025-11-10,GSO-BNA,Cardinal Motor Freight,250.0,4804,2M,50.57,liftgate,95,534.48,3058.94
S00170,2025-11-14,GSO-BNA,Cardinal Motor Freight,200.0,7775,5M,32.05,none,0,548.27,3040.38
S00206,2025-11-15,GSO-BNA,Palmetto Freight Systems,125.0,2026,2M,30.64,none,0,136.59,757.46
S00193,2025-11-27,GSO-BNA,Cardinal Motor Freight,110.0,1031,1M,34.99,none,0,79.37,440.15
S00198,2025-11-27,GSO-BNA,BlueRidge LTL,50.0,274,L5C,23.16,none,0,13.96,77.43
S00168,2025-11-30,GSO-BNA,Cardinal Motor Freight,65.0,7006,5M,15.39,none,0,237.26,1315.7
S00221,2025-12-06,GSO-BNA,Palmetto Freight Systems,77.5,3230,2M,18.97,none,0,134.78,747.41
S00181,2025-12-10,GSO-BNA,Cardinal Motor Freight,50.0,6672,5M,11.85,liftgate,95,173.97,1059.72
S00173,2025-12-13,GSO-BNA,Cardinal Motor Freight,60.0,3619,2M,15.24,none,0,121.31,672.74
S00160,2025-12-14,GSO-BNA,Piedmont Freight Line,85.0,1726,1M,22.61,inside_delivery,150,85.87,626.2
S00201,2025-12-16,GSO-BNA,BlueRidge LTL,110.0,2764,2M,28.4,none,0,172.7,957.72
S00177,2025-12-22,GSO-BNA,Cardinal Motor Freight,50.0,4739,2M,13.16,inside_delivery,150,137.2,910.85
S00203,2025-12-29,GSO-BNA,BlueRidge LTL,150.0,2878,2M,36.58,none,0,231.62,1284.43
S00230,2025-12-29,GSO-BNA,Crossroads Freight Co,77.5,2299,2M,18.94,limited_access,85,95.78,616.14
S00997,2025-01-04,JFK-BOS,BlueRidge LTL,85.0,584,M5C,34.84,none,0,44.77,248.26
S00998,2025-01-06,JFK-BOS,BlueRidge LTL,92.5,6245,5M,26.3,none,0,361.31,2003.62
S01020,2025-01-12,JFK-BOS,Palmetto Freight Systems,110.0,471,L5C,49.51,none,0,51.3,284.5
S01023,2025-01-26,JFK-BOS,Palmetto Freight Systems,125.0,7513,5M,31.7,none,0,523.92,2905.36
S01004,2025-01-30,JFK-BOS,BlueRidge LTL,175.0,1043,1M,61.55,none,0,141.24,783.25
S01014,2025-02-08,JFK-BOS,BlueRidge LTL,55.0,1066,1M,25.86,none,0,60.64,336.28
S01002,2025-02-17,JFK-BOS,BlueRidge LTL,50.0,1886,1M,25.67,inside_delivery,150,106.5,740.58
S01009,2025-02-17,JFK-BOS,BlueRidge LTL,77.5,4309,2M,27.68,residential,110,262.41,1565.2
S00983,2025-03-13,JFK-BOS,Cardinal Motor Freight,65.0,1156,1M,22.89,none,0,58.22,322.88
S00987,2025-03-22,JFK-BOS,Cardinal Motor Freight,65.0,7051,5M,15.27,residential,110,236.82,1423.25
S00988,2025-03-27,JFK-BOS,BlueRidge LTL,110.0,5270,5M,28.83,residential,110,334.28,1963.75
S00977,2025-03-28,JFK-BOS,Cardinal Motor Freight,85.0,393,L5C,44.35,inside_delivery,150,38.35,362.65
S00989,2025-04-01,JFK-BOS,BlueRidge LTL,200.0,2264,2M,54.24,none,0,270.15,1498.08
S00974,2025-04-22,JFK-BOS,Piedmont Freight Line,250.0,3937,2M,57.29,liftgate,95,496.24,2846.89
S01012,2025-04-24,JFK-BOS,BlueRidge LTL,110.0,2273,2M,36.21,none,0,181.08,1004.19
S01005,2025-04-29,JFK-BOS,BlueRidge LTL,60.0,2615,2M,21.16,residential,110,121.71,784.93
S00985,2025-05-02,JFK-BOS,Cardinal Motor Freight,77.5,3117,2M,24.74,none,0,169.63,940.69
S01021,2025-05-11,JFK-BOS,Palmetto Freight Systems,92.5,5731,5M,19.85,none,0,250.32,1388.14
S01006,2025-05-12,JFK-BOS,BlueRidge LTL,150.0,2797,2M,45.21,none,0,278.2,1542.73
S01018,2025-05-19,JFK-BOS,Palmetto Freight Systems,70.0,233,L5C,38.53,inside_delivery,150,19.75,259.53
S01001,2025-05-29,JFK-BOS,BlueRidge LTL,85.0,740,M5C,37.88,none,0,61.67,341.97
S01017,2025-05-29,JFK-BOS,Palmetto Freight Systems,77.5,3732,2M,23.73,none,0,194.8,1080.23
S00990,2025-06-07,JFK-BOS,BlueRidge LTL,55.0,2167,2M,22.68,liftgate;inside_delivery,245,108.13,844.61
S00982,2025-06-12,JFK-BOS,Cardinal Motor Freight,100.0,3641,2M,30.77,liftgate;residential,205,246.47,1571.81
S01003,2025-06-13,JFK-BOS,BlueRidge LTL,100.0,6517,5M,28.88,none,0,414.01,2295.89
S00981,2025-06-19,JFK-BOS,Cardinal Motor Freight,110.0,1787,1M,36.89,none,0,145.04,804.29
S01024,2025-06-27,JFK-BOS,Palmetto Freight Systems,250.0,6691,5M,43.82,none,0,645.04,3577.03
S00999,2025-06-30,JFK-BOS,BlueRidge LTL,65.0,1910,1M,25.44,residential,110,106.9,702.81
S01000,2025-07-03,JFK-BOS,BlueRidge LTL,60.0,1798,1M,23.33,none,0,92.29,511.78
S00972,2025-07-12,JFK-BOS,Piedmont Freight Line,110.0,6987,5M,26.22,none,0,402.97,2234.63
S00984,2025-07-12,JFK-BOS,Cardinal Motor Freight,250.0,785,M5C,76.16,none,0,131.54,729.43
S00979,2025-07-17,JFK-BOS,Cardinal Motor Freight,60.0,4499,2M,21.17,residential,110,209.49,1271.73
S00991,2025-07-17,JFK-BOS,BlueRidge LTL,92.5,2995,2M,33.32,residential,110,219.57,1327.62
S00992,2025-07-24,JFK-BOS,BlueRidge LTL,85.0,5861,5M,25.01,none,0,322.53,1788.57
S00980,2025-07-25,JFK-BOS,Cardinal Motor Freight,92.5,1560,1M,33.34,none,0,114.42,634.49
S00973,2025-07-31,JFK-BOS,Piedmont Freight Line,92.5,4173,2M,26.52,none,0,243.45,1350.02
S01013,2025-08-11,JFK-BOS,BlueRidge LTL,110.0,2686,2M,34.26,none,0,202.47,1122.8
S00986,2025-08-19,JFK-BOS,Cardinal Motor Freight,85.0,6033,5M,20.72,none,0,275.01,1525.07
S00978,2025-08-22,JFK-BOS,Cardinal Motor Freight,77.5,4717,2M,24.77,liftgate,95,257.03,1520.33
S00994,2025-09-06,JFK-BOS,BlueRidge LTL,50.0,3848,2M,19.35,none,0,163.78,908.22
S00976,2025-09-11,JFK-BOS,Cardinal Motor Freight,65.0,2227,2M,22.46,residential;inside_delivery,260,110.02,870.13
S00971,2025-09-23,JFK-BOS,Piedmont Freight Line,125.0,6822,5M,29.49,limited_access,85,442.53,2539.04
S01007,2025-09-24,JFK-BOS,BlueRidge LTL,92.5,3003,2M,31.46,none,0,207.83,1152.5
S01011,2025-10-04,JFK-BOS,BlueRidge LTL,70.0,7863,5M,19.19,none,0,331.99,1841.05
S01008,2025-10-14,JFK-BOS,BlueRidge LTL,85.0,5358,5M,23.64,none,0,278.68,1545.42
S00995,2025-10-16,JFK-BOS,BlueRidge LTL,175.0,4974,2M,49.64,liftgate;residential,205,543.21,3217.35
S01016,2025-10-21,JFK-BOS,Palmetto Freight Systems,65.0,6767,5M,19.66,none,0,292.71,1623.24
S01015,2025-11-03,JFK-BOS,Palmetto Freight Systems,55.0,5545,5M,11.99,limited_access,85,146.22,895.83
S00975,2025-11-05,JFK-BOS,Piedmont Freight Line,50.0,4620,2M,16.7,none,0,169.78,941.52
S00996,2025-11-18,JFK-BOS,BlueRidge LTL,92.5,4171,2M,32.4,none,0,297.27,1648.49
S00993,2025-11-27,JFK-BOS,BlueRidge LTL,100.0,3330,2M,33.09,liftgate,95,242.41,1439.27
S01010,2025-12-08,JFK-BOS,BlueRidge LTL,65.0,7198,5M,19.97,residential,110,316.18,1863.34
S01022,2025-12-13,JFK-BOS,Palmetto Freight Systems,92.5,1990,1M,31.53,none,0,138.03,765.44
S01019,2025-12-24,JFK-BOS,Palmetto Freight Systems,100.0,1007,1M,34.43,none,0,76.28,423.02
S00831,2025-01-01,LAX-PHX,Crossroads Freight Co,50.0,2640,2M,12.28,residential,110,71.3,505.4
S00752,2025-01-08,LAX-PHX,Piedmont Freight Line,110.0,1814,1M,26.88,none,0,107.27,594.87
S00823,2025-01-10,LAX-PHX,Palmetto Freight Systems,50.0,4889,2M,12.53,none,0,134.8,747.51
S00824,2025-01-14,LAX-PHX,Palmetto Freight Systems,250.0,4265,2M,35.24,none,0,330.64,1833.57
S00781,2025-01-21,LAX-PHX,Cardinal Motor Freight,65.0,2514,2M,16.02,none,0,88.61,491.37
S00841,2025-01-26,LAX-PHX,Crossroads Freight Co,125.0,2863,2M,27.95,none,0,176.02,976.1
S00773,2025-01-30,LAX-PHX,Piedmont Freight Line,85.0,2917,2M,18.28,none,0,117.34,650.71
S00801,2025-01-30,LAX-PHX,Cardinal Motor Freight,175.0,4680,2M,34.98,none,0,360.16,1997.23
S00762,2025-02-02,LAX-PHX,Piedmont Freight Line,70.0,3721,2M,18.11,none,0,148.29,822.34
S00852,2025-02-02,LAX-PHX,Crossroads Freight Co,100.0,1971,1M,27.67,none,0,119.97,665.27
S00784,2025-02-03,LAX-PHX,Cardinal Motor Freight,150.0,2042,2M,30.69,liftgate,95,137.88,859.61
S00777,2025-02-10,LAX-PHX,Piedmont Freight Line,70.0,1725,1M,19.66,none,0,74.6,413.67
S00792,2025-02-12,LAX-PHX,Cardinal Motor Freight,65.0,867,M5C,21.34,none,0,40.7,225.69
S00836,2025-02-12,LAX-PHX,Crossroads Freight Co,200.0,2518,2M,40.72,none,0,225.58,1250.92
S00796,2025-02-21,LAX-PHX,Cardinal Motor Freight,92.5,6460,5M,19.2,residential,110,272.83,1622.94
S00855,2025-02-22,LAX-PHX,Crossroads Freight Co,100.0,3420,2M,24.94,none,0,187.61,1040.41
S00832,2025-02-26,LAX-PHX,Crossroads Freight Co,65.0,7648,5M,14.11,none,0,237.34,1316.15
S00760,2025-02-27,LAX-PHX,Piedmont Freight Line,100.0,1322,1M,26.82,none,0,78.01,432.61
S00793,2025-02-27,LAX-PHX,Cardinal Motor Freight,65.0,4466,2M,18.64,none,0,183.12,1015.48
S00822,2025-03-01,LAX-PHX,Palmetto Freight Systems,60.0,7767,5M,14.93,liftgate,95,255.13,1509.8
S00833,2025-03-03,LAX-PHX,Crossroads Freight Co,65.0,6577,5M,14.65,none,0,211.98,1175.53
S00857,2025-03-06,LAX-PHX,Crossroads Freight Co,150.0,6018,5M,27.07,none,0,358.39,1987.42
S00770,2025-03-09,LAX-PHX,Piedmont Freight Line,92.5,793,M5C,27.21,none,0,47.47,263.26
S00800,2025-03-12,LAX-PHX,Cardinal Motor Freight,50.0,7125,5M,12.61,none,0,197.63,1095.96
S00795,2025-03-13,LAX-PHX,Cardinal Motor Freight,125.0,2897,2M,32.38,none,0,206.37,1144.44
S00811,2025-03-16,LAX-PHX,BlueRidge LTL,150.0,2331,2M,30.06,none,0,154.15,854.85
S00759,2025-03-18,LAX-PHX,Piedmont Freight Line,70.0,7633,5M,14.1,none,0,236.7,1312.59
S00828,2025-03-22,LAX-PHX,Palmetto Freight Systems,77.5,2971,2M,16.96,none,0,110.83,614.61
S00854,2025-03-23,LAX-PHX,Crossroads Freight Co,77.5,2798,2M,17.98,liftgate,95,110.65,708.61
S00844,2025-04-02,LAX-PHX,Crossroads Freight Co,250.0,6940,5M,35.35,none,0,539.68,2992.78
S00847,2025-04-06,LAX-PHX,Crossroads Freight Co,70.0,476,L5C,28.58,limited_access,85,29.92,250.94
S00774,2025-04-09,LAX-PHX,Piedmont Freight Line,92.5,7558,5M,17.8,none,0,295.94,1641.14
S00776,2025-04-14,LAX-PHX,Piedmont Freight Line,125.0,6447,5M,21.89,none,0,310.41,1721.35
S00803,2025-04-15,LAX-PHX,Cardinal Motor Freight,200.0,4374,2M,34.79,none,0,334.76,1856.37
S00858,2025-04-15,LAX-PHX,Crossroads Freight Co,55.0,7993,5M,11.66,none,0,205.02,1136.95
S00756,2025-04-16,LAX-PHX,Piedmont Freight Line,60.0,6630,5M,11.73,none,0,171.06,948.61
S00812,2025-04-20,LAX-PHX,BlueRidge LTL,65.0,7687,5M,14.95,inside_delivery,150,252.81,1551.94
S00839,2025-04-22,LAX-PHX,Crossroads Freight Co,175.0,598,M5C,50.92,none,0,66.99,371.47
S00845,2025-04-22,LAX-PHX,Crossroads Freight Co,77.5,664,M5C,26.97,none,0,39.39,218.45
S00829,2025-05-03,LAX-PHX,Crossroads Freight Co,85.0,6963,5M,16.14,none,0,247.23,1371.01
S00771,2025-05-04,LAX-PHX,Piedmont Freight Line,77.5,3743,2M,17.11,residential,110,140.88,891.26
S00851,2025-05-04,LAX-PHX,Crossroads Freight Co,65.0,1933,1M,22.17,none,0,94.3,522.93
S00755,2025-05-05,LAX-PHX,Piedmont Freight Line,85.0,1202,1M,22.64,liftgate;residential,205,59.88,537.06
S00790,2025-05-10,LAX-PHX,Cardinal Motor Freight,150.0,181,L5C,45.82,none,0,18.24,101.17
S00819,2025-05-11,LAX-PHX,Palmetto Freight Systems,60.0,1958,1M,19.88,none,0,85.62,474.78
S00835,2025-05-11,LAX-PHX,Crossroads Freight Co,100.0,5347,5M,15.25,none,0,179.42,994.98
S00821,2025-05-12,LAX-PHX,Palmetto Freight Systems,200.0,5252,5M,34.19,none,0,395.05,2190.75
S00754,2025-05-15,LAX-PHX,Piedmont Freight Line,110.0,6352,5M,20.8,residential,110,290.7,1722.09
S00848,2025-05-17,LAX-PHX,Crossroads Freight Co,50.0,1980,1M,18.66,limited_access,85,81.27,535.67
S00775,2025-05-20,LAX-PHX,Piedmont Freight Line,110.0,4024,2M,23.33,none,0,206.56,1145.49
S00788,2025-05-29,LAX-PHX,Cardinal Motor Freight,200.0,4233,2M,37.46,residential,110,348.88,2044.68
S00843,2025-06-07,LAX-PHX,Crossroads Freight Co,250.0,5624,5M,38.05,none,0,470.81,2610.88
S00830,2025-06-11,LAX-PHX,Crossroads Freight Co,200.0,4034,2M,40.45,liftgate,95,358.95,2085.56
S00765,2025-06-15,LAX-PHX,Piedmont Freight Line,92.5,6447,5M,15.72,liftgate,95,223.03,1331.79
S00806,2025-06-19,LAX-PHX,Cardinal Motor Freight,110.0,4393,2M,26.54,none,0,256.51,1422.47
S00837,2025-06-23,LAX-PHX,Crossroads Freight Co,150.0,6187,5M,26.7,none,0,363.48,2015.66
S00786,2025-06-26,LAX-PHX,Cardinal Motor Freight,85.0,7167,5M,17.19,none,0,270.97,1502.65
S00849,2025-06-26,LAX-PHX,Crossroads Freight Co,150.0,5501,5M,28.27,none,0,342.14,1897.32
S00768,2025-06-27,LAX-PHX,Piedmont Freight Line,100.0,2766,2M,22.63,none,0,137.7,763.59
S00780,2025-06-30,LAX-PHX,Cardinal Motor Freight,150.0,5487,5M,25.5,none,0,307.79,1706.83
S00757,2025-07-15,LAX-PHX,Piedmont Freight Line,125.0,1585,1M,28.25,none,0,98.51,546.29
S00826,2025-07-16,LAX-PHX,Palmetto Freight Systems,85.0,863,M5C,27.09,none,0,51.44,285.24
S00767,2025-07-22,LAX-PHX,Piedmont Freight Line,200.0,4304,2M,39.8,none,0,376.85,2089.8
S00834,2025-07-27,LAX-PHX,Crossroads Freight Co,50.0,761,M5C,18.28,none,0,30.61,169.76
S00853,2025-07-29,LAX-PHX,Crossroads Freight Co,200.0,2062,2M,48.3,limited_access,85,219.09,1299.96
S00789,2025-07-31,LAX-PHX,Cardinal Motor Freight,85.0,3028,2M,20.57,none,0,137.06,760.06
S00814,2025-08-03,LAX-PHX,BlueRidge LTL,55.0,6409,5M,12.99,none,0,183.22,1016.05
S00860,2025-08-03,LAX-PHX,Crossroads Freight Co,77.5,4886,2M,23.46,inside_delivery,150,252.21,1548.64
S00817,2025-08-09,LAX-PHX,Palmetto Freight Systems,125.0,5305,5M,21.55,none,0,251.51,1394.74
S00763,2025-08-13,LAX-PHX,Piedmont Freight Line,150.0,2480,2M,30.37,liftgate;limited_access,180,165.72,1098.98
S00818,2025-08-13,LAX-PHX,Palmetto Freight Systems,55.0,7975,5M,11.58,none,0,203.2,1126.84
S00750,2025-09-03,LAX-PHX,Piedmont Freight Line,100.0,1522,1M,26.17,none,0,87.63,485.96
S00856,2025-09-05,LAX-PHX,Crossroads Freight Co,110.0,1038,1M,28.3,none,0,64.63,358.39
S00772,2025-09-07,LAX-PHX,Piedmont Freight Line,50.0,7570,5M,11.33,none,0,188.7,1046.41
S00810,2025-09-11,LAX-PHX,Cardinal Motor Freight,85.0,2346,2M,18.9,residential,110,97.56,651.0
S00785,2025-09-14,LAX-PHX,Cardinal Motor Freight,92.5,5196,5M,16.65,none,0,190.37,1055.67
S00798,2025-09-14,LAX-PHX,Cardinal Motor Freight,100.0,2456,2M,24.2,limited_access,85,130.75,810.05
S00764,2025-09-18,LAX-PHX,Piedmont Freight Line,150.0,2945,2M,30.47,none,0,197.44,1094.88
S00816,2025-09-18,LAX-PHX,BlueRidge LTL,125.0,5376,5M,22.62,none,0,267.53,1483.57
S00779,2025-09-22,LAX-PHX,Piedmont Freight Line,85.0,897,M5C,25.86,none,0,51.03,282.99
S00808,2025-09-28,LAX-PHX,Cardinal Motor Freight,70.0,2806,2M,18.67,limited_access,85,115.24,724.05
S00850,2025-09-30,LAX-PHX,Crossroads Freight Co,110.0,5345,5M,20.4,none,0,239.89,1330.29
S00838,2025-10-06,LAX-PHX,Crossroads Freight Co,110.0,1163,1M,32.81,none,0,83.95,465.55
S00815,2025-10-10,LAX-PHX,BlueRidge LTL,100.0,1381,1M,30.79,none,0,93.53,518.69
S00778,2025-10-13,LAX-PHX,Piedmont Freight Line,125.0,6444,5M,22.22,none,0,314.99,1746.76
S00842,2025-10-17,LAX-PHX,Crossroads Freight Co,100.0,7268,5M,22.38,residential,110,357.84,2094.38
S00791,2025-10-19,LAX-PHX,Cardinal Motor Freight,92.5,6954,5M,17.83,none,0,272.8,1512.79
S00787,2025-10-21,LAX-PHX,Cardinal Motor Freight,200.0,3307,2M,39.26,none,0,285.6,1583.8
S00840,2025-10-22,LAX-PHX,Crossroads Freight Co,77.5,3339,2M,22.37,none,0,164.3,911.13
S00846,2025-10-22,LAX-PHX,Crossroads Freight Co,65.0,2756,2M,19.65,none,0,119.16,660.82
S00859,2025-10-22,LAX-PHX,Crossroads Freight Co,100.0,4420,2M,25.84,none,0,251.3,1393.58
S00799,2025-10-23,LAX-PHX,Cardinal Motor Freight,85.0,3959,2M,19.41,none,0,169.08,937.64
S00758,2025-10-28,LAX-PHX,Piedmont Freight Line,125.0,1273,1M,33.05,liftgate,95,92.56,608.28
S00827,2025-11-01,LAX-PHX,Palmetto Freight Systems,55.0,1921,1M,18.56,residential;limited_access,195,78.42,629.89
S00825,2025-11-05,LAX-PHX,Palmetto Freight Systems,60.0,6489,5M,13.06,inside_delivery,150,186.42,1183.79
S00797,2025-11-13,LAX-PHX,Cardinal Motor Freight,50.0,3542,2M,13.97,none,0,108.89,603.87
S00804,2025-11-13,LAX-PHX,Cardinal Motor Freight,92.5,975,M5C,29.21,none,0,62.65,347.42
S00769,2025-11-17,LAX-PHX,Piedmont Freight Line,65.0,4525,2M,16.16,none,0,160.91,892.34
S00782,2025-11-20,LAX-PHX,Cardinal Motor Freight,110.0,2525,2M,22.86,none,0,126.98,704.15
S00794,2025-11-25,LAX-PHX,Cardinal Motor Freight,100.0,3777,2M,25.21,residential,110,209.49,1271.73
S00807,2025-12-01,LAX-PHX,Cardinal Motor Freight,50.0,4401,2M,12.69,none,0,122.83,681.17
S00813,2025-12-01,LAX-PHX,BlueRidge LTL,65.0,525,M5C,25.98,none,0,30.01,166.39
S00805,2025-12-03,LAX-PHX,Cardinal Motor Freight,175.0,7843,5M,32.53,liftgate;inside_delivery,245,561.36,3357.97
S00761,2025-12-08,LAX-PHX,Piedmont Freight Line,60.0,5198,5M,12.73,residential,110,145.58,917.32
S00766,2025-12-13,LAX-PHX,Piedmont Freight Line,70.0,980,M5C,20.74,none,0,44.73,248.02
S00820,2025-12-20,LAX-PHX,Palmetto Freight Systems,200.0,7482,5M,33.03,none,0,543.68,3014.97
S00783,2025-12-21,LAX-PHX,Cardinal Motor Freight,200.0,4558,2M,38.02,none,0,381.29,2114.45
S00753,2025-12-24,LAX-PHX,Piedmont Freight Line,110.0,963,M5C,30.73,none,0,65.11,361.09
S00802,2025-12-24,LAX-PHX,Cardinal Motor Freight,110.0,5399,5M,20.89,none,0,248.14,1376.04
S00809,2025-12-29,LAX-PHX,Cardinal Motor Freight,250.0,7589,5M,38.34,none,0,640.11,3549.73
S00751,2025-12-30,LAX-PHX,Piedmont Freight Line,250.0,3389,2M,42.68,liftgate,95,318.23,1859.73
S00511,2025-01-09,ORD-CLT,Cardinal Motor Freight,175.0,5157,5M,25.81,none,0,292.82,1623.81
S00509,2025-01-11,ORD-CLT,Cardinal Motor Freight,65.0,978,M5C,22.97,residential;inside_delivery,260,49.43,534.13
S00540,2025-01-22,ORD-CLT,BlueRidge LTL,50.0,1145,1M,17.44,none,0,43.92,243.58
S00501,2025-01-23,ORD-CLT,Piedmont Freight Line,70.0,5889,5M,13.13,limited_access,85,170.17,1028.68
S00536,2025-01-23,ORD-CLT,BlueRidge LTL,100.0,2119,2M,27.11,none,0,126.37,700.79
S00502,2025-02-04,ORD-CLT,Cardinal Motor Freight,125.0,4593,2M,26.46,none,0,267.32,1482.42
S00558,2025-02-11,ORD-CLT,BlueRidge LTL,200.0,7910,5M,37.83,liftgate,95,658.36,3745.91
S00496,2025-02-13,ORD-CLT,Piedmont Freight Line,175.0,7924,5M,27.29,liftgate,95,475.72,2733.1
S00508,2025-02-21,ORD-CLT,Cardinal Motor Freight,65.0,1108,1M,18.61,liftgate,95,45.36,346.55
S00519,2025-02-25,ORD-CLT,Cardinal Motor Freight,175.0,343,L5C,57.07,none,0,43.06,238.8
S00506,2025-03-04,ORD-CLT,Cardinal Motor Freight,65.0,4447,2M,14.91,none,0,145.85,808.82
S00551,2025-03-09,ORD-CLT,BlueRidge LTL,70.0,6144,5M,14.34,residential,110,193.78,1184.6
S00547,2025-03-20,ORD-CLT,BlueRidge LTL,70.0,3602,2M,17.73,liftgate,95,140.5,874.15
S00499,2025-04-13,ORD-CLT,Piedmont Freight Line,65.0,2784,2M,15.96,none,0,97.73,541.98
S00559,2025-04-13,ORD-CLT,BlueRidge LTL,175.0,2009,2M,39.8,none,0,175.91,975.53
S00523,2025-04-20,ORD-CLT,Cardinal Motor Freight,85.0,1141,1M,23.62,none,0,59.29,328.81
S00521,2025-04-29,ORD-CLT,Cardinal Motor Freight,50.0,6724,5M,12.6,none,0,186.45,1033.97
S00557,2025-05-03,ORD-CLT,BlueRidge LTL,125.0,4504,2M,32.39,limited_access,85,320.95,1864.84
S00542,2025-05-16,ORD-CLT,BlueRidge LTL,200.0,1314,1M,49.11,none,0,141.98,787.33
S00525,2025-05-23,ORD-CLT,Cardinal Motor Freight,92.5,7171,5M,19.36,none,0,305.45,1693.87
S00500,2025-05-24,ORD-CLT,Piedmont Freight Line,55.0,7422,5M,11.67,residential;inside_delivery,260,190.51,1316.46
S00544,2025-05-24,ORD-CLT,BlueRidge LTL,70.0,1682,1M,23.0,none,0,85.11,472.0
S00563,2025-05-25,ORD-CLT,BlueRidge LTL,250.0,3414,2M,42.04,none,0,315.78,1751.13
S00532,2025-05-26,ORD-CLT,Cardinal Motor Freight,200.0,527,M5C,61.76,none,0,71.6,397.07
S00564,2025-05-30,ORD-CLT,BlueRidge LTL,200.0,236,L5C,69.16,none,0,35.91,199.13
S00535,2025-05-31,ORD-CLT,Cardinal Motor Freight,70.0,2628,2M,16.49,none,0,95.33,528.65
S00561,2025-06-03,ORD-CLT,BlueRidge LTL,92.5,3284,2M,23.68,none,0,171.05,948.55
S00497,2025-06-11,ORD-CLT,Piedmont Freight Line,100.0,1705,1M,25.99,none,0,97.48,540.58
S00503,2025-06-14,ORD-CLT,Cardinal Motor Freight,175.0,6684,5M,28.05,none,0,412.47,2287.32
S00516,2025-06-24,ORD-CLT,Cardinal Motor Freight,175.0,4907,2M,35.39,residential,110,382.07,2228.76
S00548,2025-07-03,ORD-CLT,BlueRidge LTL,50.0,6707,5M,13.62,none,0,200.95,1114.35
S00513,2025-07-06,ORD-CLT,Cardinal Motor Freight,250.0,3846,2M,40.47,none,0,342.38,1898.68
S00555,2025-07-09,ORD-CLT,BlueRidge LTL,50.0,5217,5M,12.11,liftgate,95,138.98,865.69
S00534,2025-07-13,ORD-CLT,Cardinal Motor Freight,175.0,7973,5M,29.75,none,0,521.82,2893.72
S00526,2025-07-14,ORD-CLT,Cardinal Motor Freight,50.0,2622,2M,14.25,liftgate,95,82.19,550.75
S00524,2025-07-17,ORD-CLT,Cardinal Motor Freight,125.0,150,L5C,33.33,limited_access,85,11.0,145.99
S00549,2025-07-17,ORD-CLT,BlueRidge LTL,92.5,4504,2M,23.84,none,0,236.27,1310.22
S00531,2025-07-18,ORD-CLT,Cardinal Motor Freight,60.0,3906,2M,17.14,liftgate;residential,205,147.32,1021.93
S00522,2025-07-23,ORD-CLT,Cardinal Motor Freight,60.0,4808,2M,17.94,liftgate,95,189.77,1147.37
S00546,2025-07-26,ORD-CLT,BlueRidge LTL,77.5,5000,5M,14.11,inside_delivery,150,155.16,1010.41
S00510,2025-07-30,ORD-CLT,Cardinal Motor Freight,100.0,1376,1M,26.78,none,0,81.07,449.57
S00518,2025-07-30,ORD-CLT,Cardinal Motor Freight,77.5,2473,2M,19.33,inside_delivery,150,105.14,733.08
S00495,2025-08-15,ORD-CLT,Piedmont Freight Line,65.0,1986,1M,19.23,none,0,84.04,466.04
S00533,2025-08-22,ORD-CLT,Cardinal Motor Freight,65.0,2566,2M,17.82,none,0,100.57,557.71
S00515,2025-08-26,ORD-CLT,Cardinal Motor Freight,50.0,7559,5M,12.1,none,0,201.27,1116.11
S00498,2025-08-30,ORD-CLT,Piedmont Freight Line,110.0,7199,5M,17.08,liftgate;limited_access,180,270.52,1680.16
S00514,2025-09-04,ORD-CLT,Cardinal Motor Freight,60.0,1138,1M,18.65,none,0,46.7,258.97
S00541,2025-09-05,ORD-CLT,BlueRidge LTL,50.0,479,L5C,22.1,liftgate,95,23.29,224.13
S00528,2025-09-11,ORD-CLT,Cardinal Motor Freight,92.5,2624,2M,22.98,none,0,132.64,735.53
S00517,2025-09-22,ORD-CLT,Cardinal Motor Freight,55.0,3379,2M,16.21,none,0,120.51,668.31
S00560,2025-09-24,ORD-CLT,BlueRidge LTL,100.0,5232,5M,22.09,none,0,254.24,1409.86
S00505,2025-10-05,ORD-CLT,Cardinal Motor Freight,175.0,3620,2M,32.95,none,0,262.39,1455.07
S00529,2025-10-08,ORD-CLT,Cardinal Motor Freight,175.0,2165,2M,34.72,residential,110,165.39,1027.18
S00543,2025-10-13,ORD-CLT,BlueRidge LTL,70.0,782,M5C,27.83,liftgate,95,47.88,360.52
S00520,2025-10-17,ORD-CLT,Cardinal Motor Freight,77.5,5760,5M,13.13,none,0,166.37,922.59
S00545,2025-10-23,ORD-CLT,BlueRidge LTL,150.0,466,L5C,53.88,none,0,55.24,306.34
S00538,2025-10-25,ORD-CLT,BlueRidge LTL,77.5,3190,2M,20.19,none,0,141.72,785.91
S00512,2025-10-26,ORD-CLT,Cardinal Motor Freight,250.0,5559,5M,31.62,limited_access,85,386.68,2229.34
S00550,2025-10-29,ORD-CLT,BlueRidge LTL,150.0,3408,2M,36.6,liftgate;inside_delivery,245,274.43,1766.82
S00527,2025-11-10,ORD-CLT,Cardinal Motor Freight,110.0,666,M5C,33.94,none,0,49.73,275.76
S00539,2025-11-13,ORD-CLT,BlueRidge LTL,110.0,5884,5M,22.05,none,0,285.48,1583.1
S00504,2025-11-14,ORD-CLT,Cardinal Motor Freight,175.0,5067,5M,30.6,none,0,341.13,1891.71
S00553,2025-11-17,ORD-CLT,BlueRidge LTL,92.5,6737,5M,19.15,liftgate;residential,205,283.81,1778.83
S00552,2025-11-19,ORD-CLT,BlueRidge LTL,150.0,2066,2M,34.61,none,0,157.29,872.24
S00562,2025-11-21,ORD-CLT,BlueRidge LTL,125.0,3071,2M,30.18,residential,110,203.92,1240.85
S00507,2025-11-23,ORD-CLT,Cardinal Motor Freight,77.5,422,L5C,31.74,none,0,29.47,163.4
S00493,2025-11-26,ORD-CLT,Piedmont Freight Line,200.0,994,M5C,50.48,none,0,110.39,612.17
S00554,2025-11-26,ORD-CLT,BlueRidge LTL,150.0,2176,2M,31.92,liftgate,95,152.81,942.38
S00556,2025-12-05,ORD-CLT,BlueRidge LTL,100.0,1453,1M,31.16,liftgate;limited_access,180,99.62,732.41
S00530,2025-12-18,ORD-CLT,Cardinal Motor Freight,150.0,3627,2M,34.75,none,0,277.28,1537.65
S00494,2025-12-19,ORD-CLT,Piedmont Freight Line,77.5,2702,2M,19.17,liftgate;inside_delivery,245,113.94,876.84
S00537,2025-12-26,ORD-CLT,BlueRidge LTL,60.0,752,M5C,21.86,liftgate,95,36.17,295.58
S00720,2025-01-01,ORD-DFW,Crossroads Freight Co,125.0,6686,5M,18.93,none,0,278.42,1543.96
S00661,2025-01-03,ORD-DFW,Piedmont Freight Line,92.5,4728,2M,17.62,none,0,183.27,1016.32
S00686,2025-01-03,ORD-DFW,Cardinal Motor Freight,65.0,3330,2M,12.48,liftgate,95,91.44,602.08
S00718,2025-01-06,ORD-DFW,Crossroads Freight Co,200.0,6230,5M,23.6,inside_delivery,150,323.41,1943.45
S00730,2025-01-11,ORD-DFW,Crossroads Freight Co,200.0,7310,5M,26.33,none,0,423.42,2348.04
S00739,2025-01-11,ORD-DFW,Crossroads Freight Co,110.0,7144,5M,17.84,none,0,280.39,1554.88
S00657,2025-01-18,ORD-DFW,Piedmont Freight Line,92.5,5075,5M,12.81,none,0,142.97,792.86
S00684,2025-01-18,ORD-DFW,Cardinal Motor Freight,65.0,1958,1M,16.3,liftgate,95,70.2,484.29
S00668,2025-01-19,ORD-DFW,Cardinal Motor Freight,100.0,1556,1M,21.63,none,0,74.04,410.59
S00695,2025-01-19,ORD-DFW,Cardinal Motor Freight,60.0,3874,2M,13.41,none,0,114.25,633.58
S00696,2025-01-20,ORD-DFW,Cardinal Motor Freight,125.0,3676,2M,19.5,none,0,157.66,874.3
S00735,2025-01-20,ORD-DFW,Crossroads Freight Co,200.0,876,M5C,38.45,none,0,74.09,410.87
S00671,2025-01-21,ORD-DFW,Cardinal Motor Freight,50.0,4612,2M,11.21,none,0,113.71,630.56
S00641,2025-01-24,ORD-DFW,Piedmont Freight Line,77.5,6715,5M,11.4,residential;inside_delivery,260,168.38,1193.75
S00704,2025-01-24,ORD-DFW,BlueRidge LTL,77.5,5619,5M,13.42,none,0,165.92,920.13
S00721,2025-02-07,ORD-DFW,Crossroads Freight Co,55.0,2464,2M,13.11,none,0,71.06,394.06
S00725,2025-02-07,ORD-DFW,Crossroads Freight Co,70.0,1444,1M,16.68,inside_delivery;limited_access,235,53.0,528.94
S00749,2025-02-09,ORD-DFW,Crossroads Freight Co,110.0,3438,2M,19.27,none,0,145.73,808.13
S00664,2025-02-10,ORD-DFW,Piedmont Freight Line,65.0,6091,5M,11.33,none,0,151.85,842.06
S00702,2025-02-11,ORD-DFW,BlueRidge LTL,125.0,3172,2M,25.99,none,0,181.34,1005.59
S00644,2025-02-13,ORD-DFW,Piedmont Freight Line,110.0,4677,2M,20.62,liftgate;residential;inside_delivery,355,212.22,1531.85
S00737,2025-02-16,ORD-DFW,Crossroads Freight Co,200.0,3942,2M,32.58,none,0,282.58,1567.02
S00709,2025-02-20,ORD-DFW,Palmetto Freight Systems,70.0,1246,1M,16.28,none,0,44.64,247.53
S00742,2025-02-23,ORD-DFW,Crossroads Freight Co,110.0,3567,2M,19.25,none,0,151.03,837.51
S00726,2025-03-01,ORD-DFW,Crossroads Freight Co,110.0,3726,2M,19.2,none,0,157.39,872.78
S00717,2025-03-02,ORD-DFW,Crossroads Freight Co,65.0,6829,5M,12.17,inside_delivery,150,182.87,1164.1
S00648,2025-03-04,ORD-DFW,Piedmont Freight Line,85.0,2231,2M,16.04,residential,110,78.71,546.5
S00731,2025-03-05,ORD-DFW,Crossroads Freight Co,175.0,2501,2M,27.0,none,0,148.58,823.96
S00658,2025-03-07,ORD-DFW,Piedmont Freight Line,65.0,7816,5M,9.62,none,0,165.48,917.68
S00637,2025-03-09,ORD-DFW,Piedmont Freight Line,175.0,5703,5M,22.74,none,0,285.28,1581.98
S00652,2025-03-09,ORD-DFW,Piedmont Freight Line,250.0,1734,1M,40.72,none,0,155.34,861.44
S00655,2025-03-10,ORD-DFW,Piedmont Freight Line,70.0,2645,2M,11.71,none,0,68.13,377.83
S00669,2025-03-10,ORD-DFW,Cardinal Motor Freight,92.5,1128,1M,20.28,residential;inside_delivery;limited_access,345,50.33,624.11
S00722,2025-03-11,ORD-DFW,Crossroads Freight Co,250.0,1764,1M,36.49,none,0,141.62,785.33
S00732,2025-03-19,ORD-DFW,Crossroads Freight Co,77.5,282,L5C,23.26,none,0,14.43,80.01
S00687,2025-03-21,ORD-DFW,Cardinal Motor Freight,55.0,4829,2M,11.21,residential,110,119.13,770.62
S00699,2025-03-22,ORD-DFW,Cardinal Motor Freight,250.0,2126,2M,35.69,none,0,166.95,925.8
S00727,2025-03-23,ORD-DFW,Crossroads Freight Co,65.0,203,L5C,24.37,none,0,10.88,60.35
S00693,2025-03-24,ORD-DFW,Cardinal Motor Freight,77.5,2537,2M,14.25,none,0,79.56,441.21
S00688,2025-04-03,ORD-DFW,Cardinal Motor Freight,77.5,5465,5M,12.84,liftgate;residential,205,154.33,1060.81
S00683,2025-04-08,ORD-DFW,Cardinal Motor Freight,70.0,4184,2M,15.0,none,0,138.09,765.79
S00659,2025-04-17,ORD-DFW,Piedmont Freight Line,60.0,4409,2M,11.24,none,0,109.02,604.56
S00728,2025-04-24,ORD-DFW,Crossroads Freight Co,125.0,7295,5M,18.4,none,0,295.35,1637.86
S00691,2025-04-25,ORD-DFW,Cardinal Motor Freight,60.0,2244,2M,14.0,none,0,69.12,383.29
S00651,2025-04-26,ORD-DFW,Piedmont Freight Line,92.5,2864,2M,15.88,none,0,100.03,554.69
S00640,2025-04-30,ORD-DFW,Piedmont Freight Line,77.5,4531,2M,14.67,none,0,146.24,810.96
S00656,2025-05-02,ORD-DFW,Piedmont Freight Line,85.0,7539,5M,12.66,none,0,209.93,1164.17
S00638,2025-05-03,ORD-DFW,Piedmont Freight Line,175.0,5383,5M,22.44,none,0,265.8,1473.96
S00733,2025-05-06,ORD-DFW,Crossroads Freight Co,65.0,3397,2M,12.56,liftgate,95,93.89,615.64
S00689,2025-05-14,ORD-DFW,Cardinal Motor Freight,55.0,1136,1M,13.04,none,0,32.58,180.66
S00643,2025-05-18,ORD-DFW,Piedmont Freight Line,125.0,6296,5M,17.21,none,0,238.4,1322.06
S00734,2025-05-19,ORD-DFW,Crossroads Freight Co,110.0,1435,1M,25.8,none,0,81.47,451.76
S00663,2025-05-21,ORD-DFW,Piedmont Freight Line,85.0,7292,5M,12.96,none,0,207.87,1152.72
S00681,2025-05-22,ORD-DFW,Cardinal Motor Freight,125.0,5699,5M,19.48,none,0,244.2,1354.21
S00706,2025-06-05,ORD-DFW,BlueRidge LTL,250.0,2994,2M,40.98,none,0,269.95,1496.97
S00653,2025-06-11,ORD-DFW,Piedmont Freight Line,70.0,3078,2M,13.87,none,0,93.93,520.88
S00698,2025-06-17,ORD-DFW,Cardinal Motor Freight,65.0,1044,1M,13.73,none,0,31.53,174.86
S00647,2025-06-25,ORD-DFW,Piedmont Freight Line,55.0,7765,5M,9.44,none,0,161.27,894.34
S00642,2025-06-26,ORD-DFW,Piedmont Freight Line,60.0,820,M5C,16.91,none,0,30.51,169.17
S00736,2025-07-01,ORD-DFW,Crossroads Freight Co,55.0,700,M5C,14.18,liftgate,95,21.84,216.1
S00740,2025-07-04,ORD-DFW,Crossroads Freight Co,150.0,7007,5M,22.93,none,0,353.49,1960.29
S00662,2025-07-07,ORD-DFW,Piedmont Freight Line,92.5,1178,1M,20.07,none,0,52.03,288.51
S00665,2025-07-07,ORD-DFW,Piedmont Freight Line,70.0,3424,2M,13.26,inside_delivery,150,99.86,703.78
S00666,2025-07-07,ORD-DFW,Piedmont Freight Line,250.0,4096,2M,34.46,none,0,310.49,1721.79
S00654,2025-07-26,ORD-DFW,Piedmont Freight Line,85.0,1791,1M,17.07,none,0,67.25,372.94
S00694,2025-07-27,ORD-DFW,Cardinal Motor Freight,70.0,4616,2M,15.02,none,0,152.55,845.97
S00645,2025-07-28,ORD-DFW,Piedmont Freight Line,85.0,3587,2M,14.89,residential,110,117.54,761.82
S00675,2025-07-28,ORD-DFW,Cardinal Motor Freight,85.0,3234,2M,15.16,none,0,107.89,598.31
S00672,2025-07-31,ORD-DFW,Cardinal Motor Freight,200.0,4145,2M,27.59,none,0,251.61,1395.3
S00705,2025-08-03,ORD-DFW,BlueRidge LTL,125.0,5495,5M,19.89,none,0,240.47,1333.53
S00712,2025-08-03,ORD-DFW,Palmetto Freight Systems,110.0,4722,2M,23.94,none,0,248.66,1378.96
S00636,2025-08-08,ORD-DFW,Piedmont Freight Line,110.0,5849,5M,17.2,none,0,221.27,1227.04
S00678,2025-08-12,ORD-DFW,Cardinal Motor Freight,175.0,1933,1M,32.53,none,0,138.35,767.22
S00747,2025-08-16,ORD-DFW,Crossroads Freight Co,77.5,7625,5M,14.85,none,0,249.17,1381.78
S00703,2025-08-27,ORD-DFW,BlueRidge LTL,100.0,7468,5M,16.32,none,0,268.07,1486.58
S00708,2025-08-28,ORD-DFW,BlueRidge LTL,70.0,5348,5M,12.45,none,0,146.46,812.19
S00716,2025-09-03,ORD-DFW,Crossroads Freight Co,175.0,2680,2M,30.08,residential,110,177.37,1093.6
S00711,2025-09-07,ORD-DFW,Palmetto Freight Systems,250.0,346,L5C,54.24,none,0,41.29,228.97
S00719,2025-09-07,ORD-DFW,Crossroads Freight Co,110.0,6107,5M,18.23,none,0,244.99,1358.56
S00676,2025-09-10,ORD-DFW,Cardinal Motor Freight,110.0,7691,5M,15.07,residential,110,255.05,1524.37
S00744,2025-09-13,ORD-DFW,Crossroads Freight Co,110.0,4841,2M,19.74,residential,110,210.19,1275.62
S00690,2025-09-19,ORD-DFW,Cardinal Motor Freight,92.5,6949,5M,13.31,none,0,203.42,1128.05
S00745,2025-09-20,ORD-DFW,Crossroads Freight Co,70.0,5070,5M,10.05,none,0,112.12,621.76
S00673,2025-09-24,ORD-DFW,Cardinal Motor Freight,77.5,7624,5M,12.73,none,0,213.43,1183.59
S00639,2025-10-01,ORD-DFW,Piedmont Freight Line,70.0,5864,5M,10.73,none,0,138.41,767.55
S00679,2025-10-01,ORD-DFW,Cardinal Motor Freight,50.0,6836,5M,9.3,none,0,139.89,775.74
S00670,2025-10-06,ORD-DFW,Cardinal Motor Freight,65.0,4906,2M,13.74,residential;limited_access,195,148.31,1017.46
S00723,2025-10-18,ORD-DFW,Crossroads Freight Co,175.0,2517,2M,27.74,liftgate,95,153.6,946.78
S00738,2025-10-18,ORD-DFW,Crossroads Freight Co,77.5,4348,2M,14.56,none,0,139.24,772.14
S00715,2025-10-24,ORD-DFW,Crossroads Freight Co,110.0,2916,2M,22.09,none,0,141.71,785.87
S00707,2025-10-26,ORD-DFW,BlueRidge LTL,150.0,6306,5M,23.4,none,0,324.65,1800.35
S00743,2025-10-30,ORD-DFW,Crossroads Freight Co,70.0,5897,5M,12.63,none,0,163.86,908.7
S00746,2025-10-31,ORD-DFW,Crossroads Freight Co,125.0,5796,5M,14.64,residential,110,186.65,1145.06
S00677,2025-11-05,ORD-DFW,Cardinal Motor Freight,50.0,1823,1M,13.54,liftgate;residential,205,54.29,506.05
S00692,2025-11-13,ORD-DFW,Cardinal Motor Freight,60.0,5139,5M,10.44,none,0,117.99,654.31
S00729,2025-11-16,ORD-DFW,Crossroads Freight Co,50.0,922,M5C,16.4,none,0,33.27,184.51
S00714,2025-11-22,ORD-DFW,Crossroads Freight Co,110.0,3609,2M,20.79,none,0,165.07,915.39
S00697,2025-11-25,ORD-DFW,Cardinal Motor Freight,100.0,4498,2M,18.06,none,0,178.75,991.23
S00701,2025-11-25,ORD-DFW,BlueRidge LTL,70.0,1163,1M,18.79,none,0,48.07,266.54
S00649,2025-11-27,ORD-DFW,Piedmont Freight Line,70.0,1442,1M,15.65,none,0,49.65,275.31
S00700,2025-11-29,ORD-DFW,Cardinal Motor Freight,77.5,4742,2M,16.04,none,0,167.31,927.79
S00710,2025-11-29,ORD-DFW,Palmetto Freight Systems,100.0,7035,5M,15.67,none,0,242.59,1345.25
S00724,2025-12-04,ORD-DFW,Crossroads Freight Co,60.0,1173,1M,14.17,none,0,36.58,202.85
S00650,2025-12-07,ORD-DFW,Piedmont Freight Line,150.0,7714,5M,19.35,none,0,328.42,1821.25
S00748,2025-12-07,ORD-DFW,Crossroads Freight Co,100.0,1575,1M,23.53,residential,110,81.55,562.22
S00741,2025-12-12,ORD-DFW,Crossroads Freight Co,100.0,7678,5M,16.55,inside_delivery,150,279.5,1699.96
S00660,2025-12-15,ORD-DFW,Piedmont Freight Line,150.0,1958,1M,29.5,none,0,127.06,704.62
S00682,2025-12-16,ORD-DFW,Cardinal Motor Freight,150.0,3744,2M,25.92,none,0,213.46,1183.76
S00674,2025-12-19,ORD-DFW,Cardinal Motor Freight,175.0,4157,2M,29.96,none,0,273.99,1519.41
S00680,2025-12-19,ORD-DFW,Cardinal Motor Freight,110.0,2197,2M,17.13,liftgate,95,82.79,554.13
S00685,2025-12-25,ORD-DFW,Cardinal Motor Freight,110.0,2667,2M,19.24,none,0,112.89,626.02
S00667,2025-12-27,ORD-DFW,Piedmont Freight Line,65.0,6273,5M,9.67,none,0,133.39,739.73
S00646,2025-12-29,ORD-DFW,Piedmont Freight Line,200.0,2899,2M,30.71,none,0,195.85,1086.1
S00713,2025-12-30,ORD-DFW,Palmetto Freight Systems,92.5,1130,1M,17.38,none,0,43.22,239.66
