shipment_id,quote_date,lane_id,carrier_name,nmfc_class,class_band,weight_lbs,base_cwt_rate,benchmark_loo,other_quotes,rate_index_loo
S00632,2025-08-02,DFW-ATL,Palmetto Freight Systems,150.0,high,6760,26.85,43.37,1,61.9
S00614,2025-02-24,DFW-ATL,Palmetto Freight Systems,125.0,high,691,43.37,43.37,1,100.0
S00603,2025-04-17,DFW-ATL,BlueRidge LTL,125.0,high,154,43.37,26.85,2,161.5
S01023,2025-01-26,JFK-BOS,Palmetto Freight Systems,125.0,high,7513,31.7,29.49,2,107.5
S01006,2025-05-12,JFK-BOS,BlueRidge LTL,150.0,high,2797,45.21,29.49,2,153.3
S00971,2025-09-23,JFK-BOS,Piedmont Freight Line,125.0,high,6822,29.49,31.7,2,93.0
S00268,2025-11-18,ATL-MCO,Cardinal Motor Freight,125.0,high,7225,24.06,41.76,2,57.6
S00264,2025-02-12,ATL-MCO,Cardinal Motor Freight,150.0,high,6589,25.68,41.76,2,61.5
S00259,2025-05-06,ATL-MCO,Cardinal Motor Freight,150.0,high,2155,31.98,41.76,2,76.6
S00265,2025-11-18,ATL-MCO,Cardinal Motor Freight,125.0,high,4115,27.89,41.76,2,66.8
S00260,2025-05-19,ATL-MCO,Cardinal Motor Freight,150.0,high,4378,33.21,41.76,2,79.5
S00272,2025-03-20,ATL-MCO,Cardinal Motor Freight,150.0,high,7935,24.73,41.76,2,59.2
S00249,2025-04-08,ATL-MCO,Cardinal Motor Freight,150.0,high,500,45.68,41.76,2,109.4
S00271,2025-11-09,ATL-MCO,Cardinal Motor Freight,125.0,high,5128,23.7,41.76,2,56.8
S00557,2025-05-03,ORD-CLT,BlueRidge LTL,125.0,high,4504,32.39,33.33,3,97.2
S00550,2025-10-29,ORD-CLT,BlueRidge LTL,150.0,high,3408,36.6,33.33,3,109.8
S00545,2025-10-23,ORD-CLT,BlueRidge LTL,150.0,high,466,53.88,33.33,3,161.7
S00552,2025-11-19,ORD-CLT,BlueRidge LTL,150.0,high,2066,34.61,33.33,3,103.8
S00554,2025-11-26,ORD-CLT,BlueRidge LTL,150.0,high,2176,31.92,33.33,3,95.8
S00562,2025-11-21,ORD-CLT,BlueRidge LTL,125.0,high,3071,30.18,33.33,3,90.5
S00131,2025-07-10,CLT-RIC,BlueRidge LTL,175.0,vhigh,445,87.88,47.5,3,185.0
S00123,2025-10-05,CLT-RIC,BlueRidge LTL,175.0,vhigh,6351,41.47,47.5,3,87.3
S00138,2025-04-07,CLT-RIC,BlueRidge LTL,175.0,vhigh,4365,44.61,47.5,3,93.9
S00130,2025-10-08,CLT-RIC,BlueRidge LTL,175.0,vhigh,4302,51.89,47.5,3,109.2
S00125,2025-02-13,CLT-RIC,BlueRidge LTL,175.0,vhigh,5408,41.19,47.5,3,86.7
S00995,2025-10-16,JFK-BOS,BlueRidge LTL,175.0,vhigh,4974,49.64,57.29,3,86.6
S01004,2025-01-30,JFK-BOS,BlueRidge LTL,175.0,vhigh,1043,61.55,57.29,3,107.4
S00989,2025-04-01,JFK-BOS,BlueRidge LTL,200.0,vhigh,2264,54.24,57.29,3,94.7
S00247,2025-01-21,ATL-MCO,Cardinal Motor Freight,70.0,low,5692,14.13,15.84,4,89.2
S00241,2025-09-16,ATL-MCO,Cardinal Motor Freight,60.0,low,2268,15.89,15.84,4,100.3
S00246,2025-06-17,ATL-MCO,Cardinal Motor Freight,60.0,low,3522,17.76,15.84,4,112.1
S00261,2025-04-25,ATL-MCO,Cardinal Motor Freight,60.0,low,3612,15.31,15.84,4,96.7
S00251,2025-05-24,ATL-MCO,Cardinal Motor Freight,50.0,low,6209,11.43,15.84,4,72.2
S00581,2025-03-08,DFW-ATL,BlueRidge LTL,200.0,vhigh,1709,50.22,35.73,4,140.6
S00586,2025-12-27,DFW-ATL,BlueRidge LTL,200.0,vhigh,7557,33.64,35.73,4,94.2
S00576,2025-01-01,DFW-ATL,BlueRidge LTL,250.0,vhigh,1193,51.96,35.73,4,145.4
S00585,2025-08-30,DFW-ATL,BlueRidge LTL,250.0,vhigh,1091,60.41,35.73,4,169.1
S00600,2025-10-22,DFW-ATL,BlueRidge LTL,250.0,vhigh,6219,38.83,35.73,4,108.7
S00587,2025-06-23,DFW-ATL,BlueRidge LTL,175.0,vhigh,5974,29.43,35.73,4,82.4
S00590,2025-08-12,DFW-ATL,BlueRidge LTL,250.0,vhigh,5689,45.41,35.73,4,127.1
S00602,2025-11-27,DFW-ATL,BlueRidge LTL,200.0,vhigh,6891,36.65,35.73,4,102.6
S00596,2025-01-20,DFW-ATL,BlueRidge LTL,200.0,vhigh,4828,44.65,35.73,4,125.0
S00575,2025-09-20,DFW-ATL,BlueRidge LTL,175.0,vhigh,6419,35.97,35.73,4,100.7
S00592,2025-05-11,DFW-ATL,BlueRidge LTL,175.0,vhigh,1243,49.08,35.73,4,137.4
S00212,2025-03-20,GSO-BNA,Palmetto Freight Systems,150.0,high,2597,27.44,36.58,5,75.0
S00206,2025-11-15,GSO-BNA,Palmetto Freight Systems,125.0,high,2026,30.64,36.58,5,83.8
S00222,2025-03-24,GSO-BNA,Palmetto Freight Systems,150.0,high,6282,23.41,36.58,5,64.0
S00224,2025-05-22,GSO-BNA,Palmetto Freight Systems,125.0,high,5323,22.81,36.58,5,62.4
S00242,2025-03-28,ATL-MCO,Cardinal Motor Freight,250.0,vhigh,6627,40.36,38.57,5,104.6
S00266,2025-10-28,ATL-MCO,Cardinal Motor Freight,250.0,vhigh,5300,38.13,38.57,5,98.9
S00243,2025-08-21,ATL-MCO,Cardinal Motor Freight,250.0,vhigh,1881,58.39,38.57,5,151.4
S00269,2025-06-14,ATL-MCO,Cardinal Motor Freight,200.0,vhigh,1514,48.92,38.57,5,126.8
S00238,2025-01-01,ATL-MCO,Cardinal Motor Freight,175.0,vhigh,5200,26.99,38.57,5,70.0
S00254,2025-11-10,ATL-MCO,Cardinal Motor Freight,250.0,vhigh,2120,41.51,38.57,5,107.6
S00244,2025-08-03,ATL-MCO,Cardinal Motor Freight,250.0,vhigh,1078,55.13,38.57,5,142.9
S00248,2025-01-26,ATL-MCO,Cardinal Motor Freight,200.0,vhigh,4940,39.66,38.57,5,102.8
S00974,2025-04-22,JFK-BOS,Piedmont Freight Line,250.0,vhigh,3937,57.29,54.24,5,105.6
S00984,2025-07-12,JFK-BOS,Cardinal Motor Freight,250.0,vhigh,785,76.16,54.24,5,140.4
S01024,2025-06-27,JFK-BOS,Palmetto Freight Systems,250.0,vhigh,6691,43.82,57.29,5,76.5
S00284,2025-08-27,ATL-MCO,Crossroads Freight Co,60.0,low,2013,18.17,15.0,6,121.1
S00285,2025-01-15,ATL-MCO,Crossroads Freight Co,55.0,low,2281,15.84,15.0,6,105.6
S00288,2025-04-18,ATL-MCO,Crossroads Freight Co,65.0,low,998,18.52,15.0,6,123.5
S00124,2025-12-27,CLT-RIC,BlueRidge LTL,70.0,low,5584,22.86,18.3,6,124.9
S00120,2025-10-09,CLT-RIC,BlueRidge LTL,60.0,low,4821,22.98,18.3,6,125.6
S00142,2025-09-16,CLT-RIC,BlueRidge LTL,50.0,low,7047,17.16,18.3,6,93.8
S00141,2025-11-12,CLT-RIC,BlueRidge LTL,50.0,low,632,26.62,18.3,6,145.5
S00132,2025-03-27,CLT-RIC,BlueRidge LTL,50.0,low,2024,18.86,18.3,6,103.1
S00121,2025-01-29,CLT-RIC,BlueRidge LTL,70.0,low,2853,23.3,18.3,6,127.3
S00118,2025-09-20,CLT-RIC,BlueRidge LTL,70.0,low,4884,26.56,18.3,6,145.1
S00188,2025-03-30,GSO-BNA,Cardinal Motor Freight,125.0,high,293,43.41,27.44,6,158.2
S00169,2025-08-19,GSO-BNA,Cardinal Motor Freight,150.0,high,3163,34.56,27.44,6,125.9
S00189,2025-09-02,GSO-BNA,Cardinal Motor Freight,125.0,high,3133,27.86,27.44,6,101.5
S00502,2025-02-04,ORD-CLT,Cardinal Motor Freight,125.0,high,4593,26.46,32.39,6,81.7
S00530,2025-12-18,ORD-CLT,Cardinal Motor Freight,150.0,high,3627,34.75,32.39,6,107.3
S00524,2025-07-17,ORD-CLT,Cardinal Motor Freight,125.0,high,150,33.33,32.39,6,102.9
S00084,2025-07-20,CLT-ATL,Palmetto Freight Systems,125.0,high,7466,19.68,42.52,6,46.3
S00087,2025-03-01,CLT-ATL,Palmetto Freight Systems,125.0,high,7515,31.04,42.52,6,73.0
S00096,2025-08-05,CLT-ATL,Palmetto Freight Systems,150.0,high,7308,31.19,42.52,6,73.4
S00073,2025-05-16,CLT-ATL,Palmetto Freight Systems,125.0,high,7378,28.93,42.52,6,68.0
S00097,2025-06-04,CLT-ATL,Palmetto Freight Systems,150.0,high,4586,42.69,42.52,6,100.4
S00080,2025-01-07,CLT-ATL,Palmetto Freight Systems,125.0,high,839,48.92,42.52,6,115.1
S00079,2025-02-28,CLT-ATL,Palmetto Freight Systems,125.0,high,2945,35.73,42.52,6,84.0
S00146,2025-10-03,CLT-RIC,Crossroads Freight Co,200.0,vhigh,294,80.72,43.66,6,184.9
S00145,2025-02-09,CLT-RIC,Crossroads Freight Co,175.0,vhigh,4992,47.5,43.66,6,108.8
S00136,2025-12-05,CLT-RIC,BlueRidge LTL,110.0,mid,6269,30.13,22.05,7,136.6
S00117,2025-03-09,CLT-RIC,BlueRidge LTL,85.0,mid,4650,27.71,22.05,7,125.7
S00127,2025-11-20,CLT-RIC,BlueRidge LTL,85.0,mid,3722,31.97,22.05,7,145.0
S00119,2025-07-17,CLT-RIC,BlueRidge LTL,85.0,mid,4941,28.04,22.05,7,127.2
S00137,2025-08-16,CLT-RIC,BlueRidge LTL,110.0,mid,4271,35.55,22.05,7,161.2
S00126,2025-11-11,CLT-RIC,BlueRidge LTL,85.0,mid,2484,27.35,22.05,7,124.0
S00129,2025-01-01,CLT-RIC,BlueRidge LTL,100.0,mid,5942,22.65,22.05,7,102.7
S00134,2025-12-28,CLT-RIC,BlueRidge LTL,85.0,mid,7051,22.04,22.05,7,100.0
S00133,2025-08-03,CLT-RIC,BlueRidge LTL,100.0,mid,2326,32.22,22.05,7,146.1
S00420,2025-11-28,ATL-EWR,Piedmont Freight Line,150.0,high,5976,20.19,23.01,7,87.7
S00422,2025-06-05,ATL-EWR,Piedmont Freight Line,125.0,high,2276,20.82,23.01,7,90.5
S00423,2025-12-16,ATL-EWR,Piedmont Freight Line,150.0,high,5836,20.16,23.01,7,87.6
S00435,2025-01-20,ATL-EWR,Piedmont Freight Line,125.0,high,7601,17.07,23.01,7,74.2
S00438,2025-06-28,ATL-EWR,Piedmont Freight Line,125.0,high,5642,16.99,23.01,7,73.8
S00436,2025-08-07,ATL-EWR,Piedmont Freight Line,125.0,high,5622,18.38,23.01,7,79.9
S00431,2025-07-25,ATL-EWR,Piedmont Freight Line,150.0,high,5286,20.4,23.01,7,88.7
S00513,2025-07-06,ORD-CLT,Cardinal Motor Freight,250.0,vhigh,3846,40.47,42.04,7,96.3
S00512,2025-10-26,ORD-CLT,Cardinal Motor Freight,250.0,vhigh,5559,31.62,42.04,7,75.2
S00534,2025-07-13,ORD-CLT,Cardinal Motor Freight,175.0,vhigh,7973,29.75,42.04,7,70.8
S00511,2025-01-09,ORD-CLT,Cardinal Motor Freight,175.0,vhigh,5157,25.81,42.04,7,61.4
S00519,2025-02-25,ORD-CLT,Cardinal Motor Freight,175.0,vhigh,343,57.07,42.04,7,135.8
S00503,2025-06-14,ORD-CLT,Cardinal Motor Freight,175.0,vhigh,6684,28.05,42.04,7,66.7
S00516,2025-06-24,ORD-CLT,Cardinal Motor Freight,175.0,vhigh,4907,35.39,42.04,7,84.2
S00529,2025-10-08,ORD-CLT,Cardinal Motor Freight,175.0,vhigh,2165,34.72,42.04,7,82.6
S00505,2025-10-05,ORD-CLT,Cardinal Motor Freight,175.0,vhigh,3620,32.95,42.04,7,78.4
S00504,2025-11-14,ORD-CLT,Cardinal Motor Freight,175.0,vhigh,5067,30.6,42.04,7,72.8
S00532,2025-05-26,ORD-CLT,Cardinal Motor Freight,200.0,vhigh,527,61.76,42.04,7,146.9
S00114,2025-11-25,CLT-RIC,Piedmont Freight Line,175.0,vhigh,3310,43.66,47.5,7,91.9
S00282,2025-01-31,ATL-MCO,BlueRidge LTL,65.0,low,6968,15.0,15.84,8,94.7
S01000,2025-07-03,JFK-BOS,BlueRidge LTL,60.0,low,1798,23.33,19.66,8,118.7
S01014,2025-02-08,JFK-BOS,BlueRidge LTL,55.0,low,1066,25.86,19.66,8,131.5
S00990,2025-06-07,JFK-BOS,BlueRidge LTL,55.0,low,2167,22.68,19.66,8,115.4
S01010,2025-12-08,JFK-BOS,BlueRidge LTL,65.0,low,7198,19.97,19.66,8,101.6
S01002,2025-02-17,JFK-BOS,BlueRidge LTL,50.0,low,1886,25.67,19.66,8,130.6
S01005,2025-04-29,JFK-BOS,BlueRidge LTL,60.0,low,2615,21.16,19.66,8,107.6
S00999,2025-06-30,JFK-BOS,BlueRidge LTL,65.0,low,1910,25.44,19.66,8,129.4
S01011,2025-10-04,JFK-BOS,BlueRidge LTL,70.0,low,7863,19.19,19.66,8,97.6
S00994,2025-09-06,JFK-BOS,BlueRidge LTL,50.0,low,3848,19.35,19.66,8,98.4
S00463,2025-03-28,ATL-EWR,BlueRidge LTL,150.0,high,4085,23.9,20.16,8,118.6
S00454,2025-08-30,ATL-EWR,BlueRidge LTL,150.0,high,3993,23.01,20.16,8,114.1
S00470,2025-12-09,ATL-EWR,BlueRidge LTL,125.0,high,6818,21.08,20.16,8,104.6
S00457,2025-07-09,ATL-EWR,BlueRidge LTL,125.0,high,2799,24.85,20.16,8,123.3
S00465,2025-07-26,ATL-EWR,BlueRidge LTL,125.0,high,6441,21.55,20.16,8,106.9
S00448,2025-02-22,ATL-EWR,BlueRidge LTL,125.0,high,4572,24.51,20.16,8,121.6
S00292,2025-04-04,ATL-MCO,Crossroads Freight Co,125.0,high,166,49.6,25.68,8,193.1
S00290,2025-09-24,ATL-MCO,Crossroads Freight Co,125.0,high,502,41.76,25.68,8,162.6
S00375,2025-02-13,CLT-CMH,Palmetto Freight Systems,125.0,high,4083,28.5,27.71,8,102.9
S00374,2025-03-27,CLT-CMH,Palmetto Freight Systems,125.0,high,6736,23.98,27.71,8,86.5
S00362,2025-11-02,CLT-CMH,Palmetto Freight Systems,125.0,high,691,38.14,27.71,8,137.6
S00360,2025-11-22,CLT-CMH,Palmetto Freight Systems,150.0,high,6106,22.99,27.71,8,83.0
S00366,2025-04-21,CLT-CMH,Palmetto Freight Systems,150.0,high,1910,34.07,27.71,8,123.0
S00369,2025-08-19,CLT-CMH,Palmetto Freight Systems,125.0,high,2261,21.72,27.71,8,78.4
S00353,2025-07-21,CLT-CMH,Palmetto Freight Systems,125.0,high,7687,24.17,27.71,8,87.2
S00379,2025-01-31,CLT-CMH,Palmetto Freight Systems,125.0,high,3381,27.12,27.71,8,97.9
S00370,2025-12-07,CLT-CMH,Palmetto Freight Systems,125.0,high,6108,23.0,27.71,8,83.0
S00203,2025-12-29,GSO-BNA,BlueRidge LTL,150.0,high,2878,36.58,27.86,8,131.3
S00232,2025-09-23,GSO-BNA,Crossroads Freight Co,150.0,high,572,45.3,27.86,8,162.6
S00040,2025-02-06,CLT-ATL,Cardinal Motor Freight,150.0,high,3180,42.71,31.19,8,136.9
S00058,2025-03-01,CLT-ATL,Cardinal Motor Freight,125.0,high,5630,27.74,31.19,8,88.9
S00032,2025-07-17,CLT-ATL,Cardinal Motor Freight,150.0,high,1844,50.47,31.19,8,161.8
S00057,2025-04-05,CLT-ATL,Cardinal Motor Freight,150.0,high,2784,42.52,31.19,8,136.3
S00034,2025-09-18,CLT-ATL,Cardinal Motor Freight,150.0,high,3360,35.44,31.19,8,113.6
S00720,2025-01-01,ORD-DFW,Crossroads Freight Co,125.0,high,6686,18.93,19.89,9,95.2
S00746,2025-10-31,ORD-DFW,Crossroads Freight Co,125.0,high,5796,14.64,19.89,9,73.6
S00740,2025-07-04,ORD-DFW,Crossroads Freight Co,150.0,high,7007,22.93,19.89,9,115.3
S00728,2025-04-24,ORD-DFW,Crossroads Freight Co,125.0,high,7295,18.4,19.89,9,92.5
S00270,2025-11-04,ATL-MCO,Cardinal Motor Freight,110.0,mid,4968,26.21,20.84,9,125.8
S00252,2025-08-27,ATL-MCO,Cardinal Motor Freight,110.0,mid,3437,24.83,20.84,9,119.1
S00255,2025-02-21,ATL-MCO,Cardinal Motor Freight,110.0,mid,4408,25.67,20.84,9,123.2
S00237,2025-05-15,ATL-MCO,Cardinal Motor Freight,100.0,mid,4500,21.0,20.84,9,100.8
S00239,2025-08-23,ATL-MCO,Cardinal Motor Freight,85.0,mid,175,27.59,20.84,9,132.4
S00262,2025-10-17,ATL-MCO,Cardinal Motor Freight,100.0,mid,3258,22.54,20.84,9,108.2
S00245,2025-01-21,ATL-MCO,Cardinal Motor Freight,100.0,mid,4589,24.55,20.84,9,117.8
S00263,2025-05-13,ATL-MCO,Cardinal Motor Freight,85.0,mid,4965,21.31,20.84,9,102.3
S00253,2025-09-20,ATL-MCO,Cardinal Motor Freight,110.0,mid,1650,27.06,20.84,9,129.8
S00267,2025-04-25,ATL-MCO,Cardinal Motor Freight,110.0,mid,773,32.23,20.84,9,154.7
S00258,2025-11-18,ATL-MCO,Cardinal Motor Freight,110.0,mid,2742,23.8,20.84,9,114.2
S00250,2025-07-14,ATL-MCO,Cardinal Motor Freight,100.0,mid,3977,22.24,20.84,9,106.7
S00240,2025-08-07,ATL-MCO,Cardinal Motor Freight,92.5,mid,967,31.67,20.84,9,152.0
S00256,2025-07-19,ATL-MCO,Cardinal Motor Freight,77.5,mid,6822,16.94,20.84,9,81.3
S00257,2025-11-15,ATL-MCO,Cardinal Motor Freight,92.5,mid,6327,17.34,20.84,9,83.2
S00113,2025-07-17,CLT-RIC,Piedmont Freight Line,50.0,low,6967,14.91,22.86,9,65.2
S00115,2025-03-17,CLT-RIC,Piedmont Freight Line,55.0,low,2287,18.59,22.86,9,81.3
S00107,2025-01-08,CLT-RIC,Piedmont Freight Line,55.0,low,3358,19.27,22.86,9,84.3
S00111,2025-08-16,CLT-RIC,Piedmont Freight Line,55.0,low,7157,14.77,22.86,9,64.6
S00273,2025-01-22,ATL-MCO,BlueRidge LTL,250.0,vhigh,687,63.6,40.36,9,157.6
S00274,2025-06-13,ATL-MCO,BlueRidge LTL,250.0,vhigh,2193,52.67,40.36,9,130.5
S00276,2025-10-03,ATL-MCO,BlueRidge LTL,200.0,vhigh,7356,34.29,40.36,9,85.0
S00281,2025-11-29,ATL-MCO,BlueRidge LTL,200.0,vhigh,6867,33.39,40.36,9,82.7
S00916,2025-02-10,DFW-IAH,BlueRidge LTL,175.0,vhigh,1182,59.16,51.06,9,115.9
S00917,2025-02-22,DFW-IAH,BlueRidge LTL,200.0,vhigh,2843,52.43,51.06,9,102.7
S00924,2025-05-05,DFW-IAH,BlueRidge LTL,250.0,vhigh,6624,50.67,51.06,9,99.2
S00903,2025-04-29,DFW-IAH,BlueRidge LTL,175.0,vhigh,4639,52.81,51.06,9,103.4
S00922,2025-01-27,DFW-IAH,BlueRidge LTL,250.0,vhigh,7180,55.56,51.06,9,108.8
S00934,2025-04-19,DFW-IAH,BlueRidge LTL,175.0,vhigh,6866,42.65,51.06,9,83.5
S00930,2025-12-29,DFW-IAH,BlueRidge LTL,200.0,vhigh,4672,54.4,51.06,9,106.5
S00935,2025-12-27,DFW-IAH,BlueRidge LTL,200.0,vhigh,4892,46.91,51.06,9,91.9
S00705,2025-08-03,ORD-DFW,BlueRidge LTL,125.0,high,5495,19.89,19.35,10,102.8
S00696,2025-01-20,ORD-DFW,Cardinal Motor Freight,125.0,high,3676,19.5,19.35,10,100.8
S00681,2025-05-22,ORD-DFW,Cardinal Motor Freight,125.0,high,5699,19.48,19.35,10,100.7
S00707,2025-10-26,ORD-DFW,BlueRidge LTL,150.0,high,6306,23.4,19.35,10,120.9
S00682,2025-12-16,ORD-DFW,Cardinal Motor Freight,150.0,high,3744,25.92,19.35,10,134.0
S00702,2025-02-11,ORD-DFW,BlueRidge LTL,125.0,high,3172,25.99,19.35,10,134.3
S00643,2025-05-18,ORD-DFW,Piedmont Freight Line,125.0,high,6296,17.21,19.5,10,88.3
S00650,2025-12-07,ORD-DFW,Piedmont Freight Line,150.0,high,7714,19.35,19.5,10,99.2
S00660,2025-12-15,ORD-DFW,Piedmont Freight Line,150.0,high,1958,29.5,19.5,10,151.3
S00150,2025-11-03,CLT-RIC,Crossroads Freight Co,50.0,low,952,21.2,19.27,11,110.0
S00149,2025-12-30,CLT-RIC,Crossroads Freight Co,65.0,low,6102,18.3,19.27,11,95.0
S00546,2025-07-26,ORD-CLT,BlueRidge LTL,77.5,mid,5000,14.11,22.98,11,61.4
S00538,2025-10-25,ORD-CLT,BlueRidge LTL,77.5,mid,3190,20.19,22.98,11,87.9
S00556,2025-12-05,ORD-CLT,BlueRidge LTL,100.0,mid,1453,31.16,22.98,11,135.6
S00560,2025-09-24,ORD-CLT,BlueRidge LTL,100.0,mid,5232,22.09,22.98,11,96.1
S00539,2025-11-13,ORD-CLT,BlueRidge LTL,110.0,mid,5884,22.05,22.98,11,96.0
S00561,2025-06-03,ORD-CLT,BlueRidge LTL,92.5,mid,3284,23.68,22.98,11,103.0
S00536,2025-01-23,ORD-CLT,BlueRidge LTL,100.0,mid,2119,27.11,22.98,11,118.0
S00549,2025-07-17,ORD-CLT,BlueRidge LTL,92.5,mid,4504,23.84,22.98,11,103.7
S00553,2025-11-17,ORD-CLT,BlueRidge LTL,92.5,mid,6737,19.15,22.98,11,83.3
S00778,2025-10-13,LAX-PHX,Piedmont Freight Line,125.0,high,6444,22.22,27.95,11,79.5
S00764,2025-09-18,LAX-PHX,Piedmont Freight Line,150.0,high,2945,30.47,27.95,11,109.0
S00757,2025-07-15,LAX-PHX,Piedmont Freight Line,125.0,high,1585,28.25,27.95,11,101.1
S00776,2025-04-14,LAX-PHX,Piedmont Freight Line,125.0,high,6447,21.89,27.95,11,78.3
S00758,2025-10-28,LAX-PHX,Piedmont Freight Line,125.0,high,1273,33.05,27.95,11,118.2
S00763,2025-08-13,LAX-PHX,Piedmont Freight Line,150.0,high,2480,30.37,27.95,11,108.7
S00108,2025-10-21,CLT-RIC,Piedmont Freight Line,77.5,mid,2813,24.48,28.04,11,87.3
S00112,2025-10-12,CLT-RIC,Piedmont Freight Line,77.5,mid,6224,19.95,28.04,11,71.1
S00109,2025-11-24,CLT-RIC,Piedmont Freight Line,92.5,mid,5819,22.05,28.04,11,78.6
S00110,2025-08-23,CLT-RIC,Piedmont Freight Line,85.0,mid,5120,20.73,28.04,11,73.9
S00116,2025-08-20,CLT-RIC,Piedmont Freight Line,110.0,mid,1249,34.76,28.04,11,124.0
S00737,2025-02-16,ORD-DFW,Crossroads Freight Co,200.0,vhigh,3942,32.58,32.53,11,100.2
S00722,2025-03-11,ORD-DFW,Crossroads Freight Co,250.0,vhigh,1764,36.49,32.53,11,112.2
S00723,2025-10-18,ORD-DFW,Crossroads Freight Co,175.0,vhigh,2517,27.74,32.53,11,85.3
S00730,2025-01-11,ORD-DFW,Crossroads Freight Co,200.0,vhigh,7310,26.33,32.53,11,80.9
S00731,2025-03-05,ORD-DFW,Crossroads Freight Co,175.0,vhigh,2501,27.0,32.53,11,83.0
S00716,2025-09-03,ORD-DFW,Crossroads Freight Co,175.0,vhigh,2680,30.08,32.53,11,92.5
S00718,2025-01-06,ORD-DFW,Crossroads Freight Co,200.0,vhigh,6230,23.6,32.53,11,72.5
S00735,2025-01-20,ORD-DFW,Crossroads Freight Co,200.0,vhigh,876,38.45,32.53,11,118.2
S00437,2025-01-10,ATL-EWR,Piedmont Freight Line,250.0,vhigh,1752,40.09,36.74,11,109.1
S00439,2025-08-05,ATL-EWR,Piedmont Freight Line,200.0,vhigh,7070,25.89,36.74,11,70.5
S00443,2025-07-21,ATL-EWR,Piedmont Freight Line,200.0,vhigh,1154,33.48,36.74,11,91.1
S00410,2025-09-05,ATL-EWR,Piedmont Freight Line,175.0,vhigh,3596,24.22,36.74,11,65.9
S00416,2025-09-24,ATL-EWR,Piedmont Freight Line,250.0,vhigh,1967,39.99,36.74,11,108.8
S00418,2025-01-18,ATL-EWR,Piedmont Freight Line,200.0,vhigh,6762,21.74,36.74,11,59.2
S00441,2025-02-15,ATL-EWR,Piedmont Freight Line,200.0,vhigh,4834,30.33,36.74,11,82.6
S00425,2025-10-27,ATL-EWR,Piedmont Freight Line,175.0,vhigh,6633,20.16,36.74,11,54.9
S00430,2025-01-05,ATL-EWR,Piedmont Freight Line,175.0,vhigh,2647,25.76,36.74,11,70.1
S00429,2025-01-15,ATL-EWR,Piedmont Freight Line,175.0,vhigh,677,38.44,36.74,11,104.6
S00787,2025-10-21,LAX-PHX,Cardinal Motor Freight,200.0,vhigh,3307,39.26,39.8,11,98.6
S00783,2025-12-21,LAX-PHX,Cardinal Motor Freight,200.0,vhigh,4558,38.02,39.8,11,95.5
S00788,2025-05-29,LAX-PHX,Cardinal Motor Freight,200.0,vhigh,4233,37.46,39.8,11,94.1
S00809,2025-12-29,LAX-PHX,Cardinal Motor Freight,250.0,vhigh,7589,38.34,39.8,11,96.3
S00803,2025-04-15,LAX-PHX,Cardinal Motor Freight,200.0,vhigh,4374,34.79,39.8,11,87.4
S00801,2025-01-30,LAX-PHX,Cardinal Motor Freight,175.0,vhigh,4680,34.98,39.8,11,87.9
S00805,2025-12-03,LAX-PHX,Cardinal Motor Freight,175.0,vhigh,7843,32.53,39.8,11,81.7
S00629,2025-03-30,DFW-ATL,Palmetto Freight Systems,200.0,vhigh,2129,33.7,44.65,11,75.5
S00628,2025-07-15,DFW-ATL,Palmetto Freight Systems,175.0,vhigh,3256,35.73,44.65,11,80.0
S00609,2025-08-27,DFW-ATL,Palmetto Freight Systems,250.0,vhigh,7045,45.51,44.65,11,101.9
S00617,2025-01-21,DFW-ATL,Palmetto Freight Systems,250.0,vhigh,1012,49.71,44.65,11,111.3
S00528,2025-09-11,ORD-CLT,Cardinal Motor Freight,92.5,mid,2624,22.98,22.05,12,104.2
S00507,2025-11-23,ORD-CLT,Cardinal Motor Freight,77.5,mid,422,31.74,22.05,12,143.9
S00518,2025-07-30,ORD-CLT,Cardinal Motor Freight,77.5,mid,2473,19.33,22.05,12,87.7
S00525,2025-05-23,ORD-CLT,Cardinal Motor Freight,92.5,mid,7171,19.36,22.05,12,87.8
S00520,2025-10-17,ORD-CLT,Cardinal Motor Freight,77.5,mid,5760,13.13,22.05,12,59.5
S00527,2025-11-10,ORD-CLT,Cardinal Motor Freight,110.0,mid,666,33.94,22.05,12,153.9
S00523,2025-04-20,ORD-CLT,Cardinal Motor Freight,85.0,mid,1141,23.62,22.05,12,107.1
S00510,2025-07-30,ORD-CLT,Cardinal Motor Freight,100.0,mid,1376,26.78,22.05,12,121.5
S00881,2025-07-26,DFW-IAH,Piedmont Freight Line,150.0,high,6165,29.05,32.5,12,89.4
S00879,2025-08-21,DFW-IAH,Piedmont Freight Line,125.0,high,1800,44.67,32.5,12,137.4
S00868,2025-02-01,DFW-IAH,Piedmont Freight Line,125.0,high,1401,42.73,32.5,12,131.5
S00884,2025-11-07,DFW-IAH,Piedmont Freight Line,125.0,high,7474,25.4,32.5,12,78.2
S00878,2025-11-13,DFW-IAH,Piedmont Freight Line,125.0,high,6077,30.11,32.5,12,92.6
S00874,2025-07-06,DFW-IAH,Piedmont Freight Line,125.0,high,7502,29.67,32.5,12,91.3
S00883,2025-05-26,DFW-IAH,Piedmont Freight Line,125.0,high,3657,35.59,32.5,12,109.5
S00843,2025-06-07,LAX-PHX,Crossroads Freight Co,250.0,vhigh,5624,38.05,35.24,12,108.0
S00836,2025-02-12,LAX-PHX,Crossroads Freight Co,200.0,vhigh,2518,40.72,35.24,12,115.6
S00853,2025-07-29,LAX-PHX,Crossroads Freight Co,200.0,vhigh,2062,48.3,35.24,12,137.1
S00839,2025-04-22,LAX-PHX,Crossroads Freight Co,175.0,vhigh,598,50.92,35.24,12,144.5
S00844,2025-04-02,LAX-PHX,Crossroads Freight Co,250.0,vhigh,6940,35.35,35.24,12,100.3
S00830,2025-06-11,LAX-PHX,Crossroads Freight Co,200.0,vhigh,4034,40.45,35.24,12,114.8
S00064,2025-04-23,CLT-ATL,BlueRidge LTL,150.0,high,2259,44.1,35.44,12,124.4
S00166,2025-06-05,GSO-BNA,Cardinal Motor Freight,250.0,vhigh,2172,38.6,39.1,12,98.7
S00170,2025-11-14,GSO-BNA,Cardinal Motor Freight,200.0,vhigh,7775,32.05,39.1,12,82.0
S00179,2025-03-27,GSO-BNA,Cardinal Motor Freight,175.0,vhigh,1276,41.99,39.1,12,107.4
S00190,2025-04-10,GSO-BNA,Cardinal Motor Freight,175.0,vhigh,6453,26.37,39.1,12,67.4
S00192,2025-01-16,GSO-BNA,Cardinal Motor Freight,175.0,vhigh,2164,35.69,39.1,12,91.3
S00162,2025-08-23,GSO-BNA,Cardinal Motor Freight,250.0,vhigh,778,57.97,39.1,12,148.3
S00180,2025-07-01,GSO-BNA,Cardinal Motor Freight,250.0,vhigh,1540,53.25,39.1,12,136.2
S00164,2025-07-22,GSO-BNA,Cardinal Motor Freight,200.0,vhigh,2794,38.0,39.1,12,97.2
S00171,2025-11-10,GSO-BNA,Cardinal Motor Freight,250.0,vhigh,4804,50.57,39.1,12,129.3
S00182,2025-01-18,GSO-BNA,Cardinal Motor Freight,200.0,vhigh,3241,40.66,39.1,12,104.0
S00289,2025-01-11,ATL-MCO,Crossroads Freight Co,200.0,vhigh,2330,38.57,40.36,12,95.6
S00025,2025-12-18,CLT-ATL,Piedmont Freight Line,200.0,vhigh,7638,39.36,47.47,12,82.9
S00003,2025-09-17,CLT-ATL,Piedmont Freight Line,250.0,vhigh,1447,64.84,47.47,12,136.6
S00019,2025-11-20,CLT-ATL,Piedmont Freight Line,200.0,vhigh,7193,40.32,47.47,12,84.9
S00001,2025-04-29,CLT-ATL,Piedmont Freight Line,175.0,vhigh,7761,36.4,47.47,12,76.7
S00021,2025-06-30,CLT-ATL,Piedmont Freight Line,200.0,vhigh,7530,39.52,47.47,12,83.3
S00002,2025-02-21,CLT-ATL,Piedmont Freight Line,175.0,vhigh,2280,45.65,47.47,12,96.2
S00007,2025-02-20,CLT-ATL,Piedmont Freight Line,250.0,vhigh,1020,60.49,47.47,12,127.4
S00006,2025-07-10,CLT-ATL,Piedmont Freight Line,250.0,vhigh,5748,42.93,47.47,12,90.4
S00506,2025-03-04,ORD-CLT,Cardinal Motor Freight,65.0,low,4447,14.91,17.44,13,85.5
S00521,2025-04-29,ORD-CLT,Cardinal Motor Freight,50.0,low,6724,12.6,17.44,13,72.2
S00517,2025-09-22,ORD-CLT,Cardinal Motor Freight,55.0,low,3379,16.21,17.44,13,92.9
S00522,2025-07-23,ORD-CLT,Cardinal Motor Freight,60.0,low,4808,17.94,17.44,13,102.9
S00531,2025-07-18,ORD-CLT,Cardinal Motor Freight,60.0,low,3906,17.14,17.44,13,98.3
S00515,2025-08-26,ORD-CLT,Cardinal Motor Freight,50.0,low,7559,12.1,17.44,13,69.4
S00509,2025-01-11,ORD-CLT,Cardinal Motor Freight,65.0,low,978,22.97,17.44,13,131.7
S00535,2025-05-31,ORD-CLT,Cardinal Motor Freight,70.0,low,2628,16.49,17.44,13,94.6
S00526,2025-07-14,ORD-CLT,Cardinal Motor Freight,50.0,low,2622,14.25,17.44,13,81.7
S00533,2025-08-22,ORD-CLT,Cardinal Motor Freight,65.0,low,2566,17.82,17.44,13,102.2
S00514,2025-09-04,ORD-CLT,Cardinal Motor Freight,60.0,low,1138,18.65,17.44,13,106.9
S00508,2025-02-21,ORD-CLT,Cardinal Motor Freight,65.0,low,1108,18.61,17.44,13,106.7
S00479,2025-12-09,ATL-EWR,Palmetto Freight Systems,125.0,high,4819,22.98,20.82,13,110.4
S00983,2025-03-13,JFK-BOS,Cardinal Motor Freight,65.0,low,1156,22.89,21.16,13,108.2
S00976,2025-09-11,JFK-BOS,Cardinal Motor Freight,65.0,low,2227,22.46,21.16,13,106.1
S00987,2025-03-22,JFK-BOS,Cardinal Motor Freight,65.0,low,7051,15.27,21.16,13,72.2
S00979,2025-07-17,JFK-BOS,Cardinal Motor Freight,60.0,low,4499,21.17,21.16,13,100.0
S00315,2025-08-19,CLT-CMH,Cardinal Motor Freight,125.0,high,391,45.56,27.12,13,168.0
S00309,2025-06-17,CLT-CMH,Cardinal Motor Freight,150.0,high,6842,27.14,27.12,13,100.1
S00311,2025-06-29,CLT-CMH,Cardinal Motor Freight,150.0,high,7761,26.21,27.12,13,96.6
S00312,2025-07-30,CLT-CMH,Cardinal Motor Freight,125.0,high,1745,34.51,27.12,13,127.2
S00784,2025-02-03,LAX-PHX,Cardinal Motor Freight,150.0,high,2042,30.69,27.95,13,109.8
S00780,2025-06-30,LAX-PHX,Cardinal Motor Freight,150.0,high,5487,25.5,27.95,13,91.2
S00795,2025-03-13,LAX-PHX,Cardinal Motor Freight,125.0,high,2897,32.38,27.95,13,115.8
S00790,2025-05-10,LAX-PHX,Cardinal Motor Freight,150.0,high,181,45.82,27.95,13,163.9
S00841,2025-01-26,LAX-PHX,Crossroads Freight Co,125.0,high,2863,27.95,30.06,13,93.0
S00849,2025-06-26,LAX-PHX,Crossroads Freight Co,150.0,high,5501,28.27,30.06,13,94.0
S00837,2025-06-23,LAX-PHX,Crossroads Freight Co,150.0,high,6187,26.7,30.06,13,88.8
S00857,2025-03-06,LAX-PHX,Crossroads Freight Co,150.0,high,6018,27.07,30.06,13,90.1
S00905,2025-04-07,DFW-IAH,BlueRidge LTL,125.0,high,6954,35.21,30.11,13,116.9
S00929,2025-03-11,DFW-IAH,BlueRidge LTL,150.0,high,4326,49.52,30.11,13,164.5
S00904,2025-01-02,DFW-IAH,BlueRidge LTL,125.0,high,6055,32.5,30.11,13,107.9
S00911,2025-04-03,DFW-IAH,BlueRidge LTL,150.0,high,1207,51.84,30.11,13,172.2
S00921,2025-06-13,DFW-IAH,BlueRidge LTL,125.0,high,2707,38.4,30.11,13,127.5
S00920,2025-06-12,DFW-IAH,BlueRidge LTL,125.0,high,2667,35.59,30.11,13,118.2
S00542,2025-05-16,ORD-CLT,BlueRidge LTL,200.0,vhigh,1314,49.11,32.95,13,149.0
S00558,2025-02-11,ORD-CLT,BlueRidge LTL,200.0,vhigh,7910,37.83,32.95,13,114.8
S00559,2025-04-13,ORD-CLT,BlueRidge LTL,175.0,vhigh,2009,39.8,32.95,13,120.8
S00563,2025-05-25,ORD-CLT,BlueRidge LTL,250.0,vhigh,3414,42.04,32.95,13,127.6
S00564,2025-05-30,ORD-CLT,BlueRidge LTL,200.0,vhigh,236,69.16,32.95,13,209.9
S00469,2025-01-29,ATL-EWR,BlueRidge LTL,50.0,low,2360,12.77,13.66,14,93.5
S00467,2025-08-12,ATL-EWR,BlueRidge LTL,50.0,low,1990,14.01,13.66,14,102.6
S00468,2025-05-08,ATL-EWR,BlueRidge LTL,60.0,low,1659,16.0,13.66,14,117.1
S00462,2025-06-20,ATL-EWR,BlueRidge LTL,70.0,low,6138,11.51,13.66,14,84.3
S00449,2025-04-13,ATL-EWR,BlueRidge LTL,60.0,low,174,21.03,13.66,14,154.0
S00458,2025-08-17,ATL-EWR,BlueRidge LTL,65.0,low,2109,15.87,13.66,14,116.2
S00450,2025-11-11,ATL-EWR,BlueRidge LTL,55.0,low,3748,12.77,13.66,14,93.5
S00471,2025-04-01,ATL-EWR,BlueRidge LTL,55.0,low,7439,10.79,13.66,14,79.0
S00473,2025-11-28,ATL-EWR,BlueRidge LTL,60.0,low,6092,11.67,13.66,14,85.4
S00475,2025-08-06,ATL-EWR,BlueRidge LTL,65.0,low,6672,12.16,13.66,14,89.0
S00447,2025-10-30,ATL-EWR,BlueRidge LTL,70.0,low,1485,18.17,13.66,14,133.0
S00433,2025-08-20,ATL-EWR,Piedmont Freight Line,110.0,mid,1236,24.3,16.19,14,150.1
S00413,2025-06-20,ATL-EWR,Piedmont Freight Line,100.0,mid,3957,18.63,16.19,14,115.1
S00411,2025-08-18,ATL-EWR,Piedmont Freight Line,110.0,mid,4136,18.79,16.19,14,116.1
S00428,2025-10-24,ATL-EWR,Piedmont Freight Line,92.5,mid,5929,12.34,16.19,14,76.2
S00426,2025-03-21,ATL-EWR,Piedmont Freight Line,85.0,mid,7868,12.38,16.19,14,76.5
S00415,2025-10-21,ATL-EWR,Piedmont Freight Line,77.5,mid,3206,14.48,16.19,14,89.4
S00417,2025-03-21,ATL-EWR,Piedmont Freight Line,92.5,mid,689,21.32,16.19,14,131.7
S00412,2025-10-27,ATL-EWR,Piedmont Freight Line,110.0,mid,2138,19.03,16.19,14,117.5
S00421,2025-06-01,ATL-EWR,Piedmont Freight Line,85.0,mid,4902,16.38,16.19,14,101.2
S00583,2025-02-23,DFW-ATL,BlueRidge LTL,55.0,low,2637,16.41,16.64,14,98.6
S00579,2025-07-04,DFW-ATL,BlueRidge LTL,70.0,low,6161,14.87,16.64,14,89.4
S00601,2025-09-15,DFW-ATL,BlueRidge LTL,55.0,low,7897,12.66,16.64,14,76.1
S00589,2025-11-03,DFW-ATL,BlueRidge LTL,70.0,low,4162,18.2,16.64,14,109.4
S00605,2025-02-14,DFW-ATL,BlueRidge LTL,50.0,low,7634,12.36,16.64,14,74.3
S00599,2025-07-05,DFW-ATL,BlueRidge LTL,50.0,low,5791,12.39,16.64,14,74.5
S00595,2025-08-30,DFW-ATL,BlueRidge LTL,60.0,low,7176,14.5,16.64,14,87.1
S00577,2025-04-25,DFW-ATL,BlueRidge LTL,70.0,low,1234,22.57,16.64,14,135.6
S00604,2025-07-16,DFW-ATL,BlueRidge LTL,60.0,low,3001,16.35,16.64,14,98.3
S00594,2025-10-14,DFW-ATL,BlueRidge LTL,55.0,low,725,20.21,16.64,14,121.5
S01015,2025-11-03,JFK-BOS,Palmetto Freight Systems,55.0,low,5545,11.99,22.46,14,53.4
S01018,2025-05-19,JFK-BOS,Palmetto Freight Systems,70.0,low,233,38.53,22.46,14,171.5
S01016,2025-10-21,JFK-BOS,Palmetto Freight Systems,65.0,low,6767,19.66,22.46,14,87.5
S00626,2025-06-25,DFW-ATL,Palmetto Freight Systems,110.0,mid,640,35.77,22.77,14,157.1
S00616,2025-06-22,DFW-ATL,Palmetto Freight Systems,100.0,mid,4279,23.78,22.77,14,104.4
S00621,2025-09-27,DFW-ATL,Palmetto Freight Systems,110.0,mid,1454,28.25,22.77,14,124.1
S00619,2025-12-19,DFW-ATL,Palmetto Freight Systems,92.5,mid,7299,17.34,22.77,14,76.2
S00610,2025-05-31,DFW-ATL,Palmetto Freight Systems,100.0,mid,5217,16.0,22.77,14,70.3
S00620,2025-11-16,DFW-ATL,Palmetto Freight Systems,92.5,mid,5760,16.91,22.77,14,74.3
S00631,2025-02-13,DFW-ATL,Palmetto Freight Systems,92.5,mid,6192,17.48,22.77,14,76.8
S00622,2025-11-15,DFW-ATL,Palmetto Freight Systems,92.5,mid,4694,22.58,22.77,14,99.2
S00635,2025-04-05,DFW-ATL,Palmetto Freight Systems,77.5,mid,6884,13.77,22.77,14,60.5
S00613,2025-09-12,DFW-ATL,Palmetto Freight Systems,110.0,mid,6178,23.88,22.77,14,104.9
S00623,2025-11-28,DFW-ATL,Palmetto Freight Systems,110.0,mid,7365,15.87,22.77,14,69.7
S00611,2025-02-12,DFW-ATL,Palmetto Freight Systems,85.0,mid,7613,14.97,22.77,14,65.7
S00625,2025-01-19,DFW-ATL,Palmetto Freight Systems,92.5,mid,6382,17.69,22.77,14,77.7
S00627,2025-12-20,DFW-ATL,Palmetto Freight Systems,85.0,mid,6032,13.53,22.77,14,59.4
S00630,2025-06-29,DFW-ATL,Palmetto Freight Systems,85.0,mid,3193,19.44,22.77,14,85.4
S00387,2025-08-17,CLT-CMH,Crossroads Freight Co,150.0,high,165,58.71,27.12,14,216.5
S00401,2025-03-20,CLT-CMH,Crossroads Freight Co,150.0,high,3629,28.49,27.12,14,105.1
S00408,2025-09-14,CLT-CMH,Crossroads Freight Co,125.0,high,4521,27.71,27.12,14,102.2
S00148,2025-08-25,CLT-RIC,Crossroads Freight Co,110.0,mid,736,46.28,27.71,14,167.0
S00147,2025-05-07,CLT-RIC,Crossroads Freight Co,77.5,mid,7507,19.81,27.71,14,71.5
S00997,2025-01-04,JFK-BOS,BlueRidge LTL,85.0,mid,584,34.84,30.77,14,113.2
S01001,2025-05-29,JFK-BOS,BlueRidge LTL,85.0,mid,740,37.88,30.77,14,123.1
S01003,2025-06-13,JFK-BOS,BlueRidge LTL,100.0,mid,6517,28.88,30.77,14,93.9
S01008,2025-10-14,JFK-BOS,BlueRidge LTL,85.0,mid,5358,23.64,30.77,14,76.8
S01012,2025-04-24,JFK-BOS,BlueRidge LTL,110.0,mid,2273,36.21,30.77,14,117.7
S01009,2025-02-17,JFK-BOS,BlueRidge LTL,77.5,mid,4309,27.68,30.77,14,90.0
S00988,2025-03-27,JFK-BOS,BlueRidge LTL,110.0,mid,5270,28.83,30.77,14,93.7
S01007,2025-09-24,JFK-BOS,BlueRidge LTL,92.5,mid,3003,31.46,30.77,14,102.2
S00996,2025-11-18,JFK-BOS,BlueRidge LTL,92.5,mid,4171,32.4,30.77,14,105.3
S00993,2025-11-27,JFK-BOS,BlueRidge LTL,100.0,mid,3330,33.09,30.77,14,107.5
S00991,2025-07-17,JFK-BOS,BlueRidge LTL,92.5,mid,2995,33.32,30.77,14,108.3
S00992,2025-07-24,JFK-BOS,BlueRidge LTL,85.0,mid,5861,25.01,30.77,14,81.3
S01013,2025-08-11,JFK-BOS,BlueRidge LTL,110.0,mid,2686,34.26,30.77,14,111.3
S00998,2025-01-06,JFK-BOS,BlueRidge LTL,92.5,mid,6245,26.3,30.77,14,85.5
S00646,2025-12-29,ORD-DFW,Piedmont Freight Line,200.0,vhigh,2899,30.71,32.53,14,94.4
S00637,2025-03-09,ORD-DFW,Piedmont Freight Line,175.0,vhigh,5703,22.74,32.53,14,69.9
S00652,2025-03-09,ORD-DFW,Piedmont Freight Line,250.0,vhigh,1734,40.72,32.53,14,125.2
S00666,2025-07-07,ORD-DFW,Piedmont Freight Line,250.0,vhigh,4096,34.46,32.53,14,105.9
S00638,2025-05-03,ORD-DFW,Piedmont Freight Line,175.0,vhigh,5383,22.44,32.53,14,69.0
S00030,2025-07-18,CLT-ATL,Cardinal Motor Freight,250.0,vhigh,3098,73.82,43.92,14,168.1
S00050,2025-12-12,CLT-ATL,Cardinal Motor Freight,175.0,vhigh,815,62.54,43.92,14,142.4
S00059,2025-07-21,CLT-ATL,Cardinal Motor Freight,200.0,vhigh,748,68.24,43.92,14,155.4
S00048,2025-02-22,CLT-ATL,Cardinal Motor Freight,200.0,vhigh,4463,51.83,43.92,14,118.0
S00031,2025-10-30,CLT-ATL,Cardinal Motor Freight,175.0,vhigh,6735,36.81,43.92,14,83.8
S00052,2025-02-12,CLT-ATL,Cardinal Motor Freight,200.0,vhigh,4017,47.47,43.92,14,108.1
S00875,2025-06-03,DFW-IAH,Piedmont Freight Line,175.0,vhigh,7450,35.7,52.81,14,67.6
S00876,2025-05-11,DFW-IAH,Piedmont Freight Line,250.0,vhigh,5492,40.01,52.81,14,75.8
S00885,2025-10-01,DFW-IAH,Piedmont Freight Line,250.0,vhigh,3845,56.42,52.81,14,106.8
S00432,2025-06-11,ATL-EWR,Piedmont Freight Line,70.0,low,6935,11.79,13.99,15,84.3
S00442,2025-11-06,ATL-EWR,Piedmont Freight Line,60.0,low,385,18.37,13.99,15,131.3
S00445,2025-03-17,ATL-EWR,Piedmont Freight Line,65.0,low,3591,12.93,13.99,15,92.4
S00434,2025-08-05,ATL-EWR,Piedmont Freight Line,70.0,low,7965,12.09,13.99,15,86.4
S00414,2025-01-16,ATL-EWR,Piedmont Freight Line,70.0,low,3366,13.0,13.99,15,92.9
S00440,2025-11-19,ATL-EWR,Piedmont Freight Line,65.0,low,399,19.74,13.99,15,141.1
S00419,2025-09-02,ATL-EWR,Piedmont Freight Line,65.0,low,6167,11.21,13.99,15,80.1
S00427,2025-11-21,ATL-EWR,Piedmont Freight Line,70.0,low,2187,13.66,13.99,15,97.6
S00444,2025-02-06,ATL-EWR,Piedmont Freight Line,55.0,low,707,13.81,13.99,15,98.7
S00424,2025-04-29,ATL-EWR,Piedmont Freight Line,50.0,low,2284,11.45,13.99,15,81.8
S00453,2025-09-26,ATL-EWR,BlueRidge LTL,85.0,mid,5633,14.66,16.38,15,89.5
S00461,2025-03-04,ATL-EWR,BlueRidge LTL,85.0,mid,3975,19.37,16.38,15,118.3
S00452,2025-05-29,ATL-EWR,BlueRidge LTL,100.0,mid,4016,18.83,16.38,15,115.0
S00466,2025-02-01,ATL-EWR,BlueRidge LTL,85.0,mid,7429,13.76,16.38,15,84.0
S00474,2025-08-09,ATL-EWR,BlueRidge LTL,85.0,mid,2496,16.19,16.38,15,98.8
S00456,2025-05-15,ATL-EWR,BlueRidge LTL,77.5,mid,7763,13.41,16.38,15,81.9
S00455,2025-08-09,ATL-EWR,BlueRidge LTL,77.5,mid,1183,18.65,16.38,15,113.9
S00460,2025-10-05,ATL-EWR,BlueRidge LTL,92.5,mid,1779,19.56,16.38,15,119.4
S00811,2025-03-16,LAX-PHX,BlueRidge LTL,150.0,high,2331,30.06,28.25,15,106.4
S00816,2025-09-18,LAX-PHX,BlueRidge LTL,125.0,high,5376,22.62,28.25,15,80.1
S00678,2025-08-12,ORD-DFW,Cardinal Motor Freight,175.0,vhigh,1933,32.53,30.71,15,105.9
S00699,2025-03-22,ORD-DFW,Cardinal Motor Freight,250.0,vhigh,2126,35.69,30.71,15,116.2
S00672,2025-07-31,ORD-DFW,Cardinal Motor Freight,200.0,vhigh,4145,27.59,30.71,15,89.8
S00674,2025-12-19,ORD-DFW,Cardinal Motor Freight,175.0,vhigh,4157,29.96,30.71,15,97.6
S00446,2025-01-23,ATL-EWR,BlueRidge LTL,175.0,vhigh,1975,35.95,30.72,15,117.0
S00464,2025-09-11,ATL-EWR,BlueRidge LTL,250.0,vhigh,3805,42.55,30.72,15,138.5
S00472,2025-04-18,ATL-EWR,BlueRidge LTL,200.0,vhigh,621,42.5,30.72,15,138.3
S00451,2025-06-21,ATL-EWR,BlueRidge LTL,250.0,vhigh,502,52.71,30.72,15,171.6
S00459,2025-12-11,ATL-EWR,BlueRidge LTL,175.0,vhigh,1971,36.74,30.72,15,119.6
S00476,2025-03-21,ATL-EWR,BlueRidge LTL,200.0,vhigh,5113,26.83,30.72,15,87.3
S00824,2025-01-14,LAX-PHX,Palmetto Freight Systems,250.0,vhigh,4265,35.24,38.34,15,91.9
S00820,2025-12-20,LAX-PHX,Palmetto Freight Systems,200.0,vhigh,7482,33.03,38.34,15,86.2
S00821,2025-05-12,LAX-PHX,Palmetto Freight Systems,200.0,vhigh,5252,34.19,38.34,15,89.2
S00964,2025-11-26,DFW-IAH,Crossroads Freight Co,250.0,vhigh,5054,44.49,52.43,15,84.9
S00947,2025-02-04,DFW-IAH,Crossroads Freight Co,175.0,vhigh,2788,53.84,52.43,15,102.7
S00937,2025-09-08,DFW-IAH,Palmetto Freight Systems,250.0,vhigh,343,88.82,52.43,15,169.4
S00899,2025-10-03,DFW-IAH,Cardinal Motor Freight,250.0,vhigh,3761,60.87,52.43,15,116.1
S00946,2025-09-12,DFW-IAH,Palmetto Freight Systems,200.0,vhigh,7226,49.3,52.43,15,94.0
S00896,2025-01-13,DFW-IAH,Cardinal Motor Freight,250.0,vhigh,4233,51.06,52.43,15,97.4
S00608,2025-04-14,DFW-ATL,Palmetto Freight Systems,65.0,low,7488,13.31,15.35,16,86.7
S00618,2025-07-18,DFW-ATL,Palmetto Freight Systems,70.0,low,2979,19.08,15.35,16,124.3
S00624,2025-11-01,DFW-ATL,Palmetto Freight Systems,50.0,low,2498,12.28,15.35,16,80.0
S00612,2025-10-10,DFW-ATL,Palmetto Freight Systems,70.0,low,1258,18.46,15.35,16,120.3
S00633,2025-09-15,DFW-ATL,Palmetto Freight Systems,65.0,low,6976,13.74,15.35,16,89.5
S00615,2025-12-07,DFW-ATL,Palmetto Freight Systems,55.0,low,5557,9.8,15.35,16,63.8
S00607,2025-02-12,DFW-ATL,Palmetto Freight Systems,70.0,low,1499,24.68,15.35,16,160.8
S00634,2025-11-02,DFW-ATL,Palmetto Freight Systems,70.0,low,1084,20.13,15.35,16,131.1
S00191,2025-10-17,GSO-BNA,Cardinal Motor Freight,65.0,low,6611,12.83,15.94,16,80.5
S00184,2025-07-18,GSO-BNA,Cardinal Motor Freight,55.0,low,6133,11.88,15.94,16,74.5
S00181,2025-12-10,GSO-BNA,Cardinal Motor Freight,50.0,low,6672,11.85,15.94,16,74.3
S00176,2025-04-26,GSO-BNA,Cardinal Motor Freight,70.0,low,7502,14.46,15.94,16,90.7
S00187,2025-09-19,GSO-BNA,Cardinal Motor Freight,60.0,low,4407,14.08,15.94,16,88.3
S00173,2025-12-13,GSO-BNA,Cardinal Motor Freight,60.0,low,3619,15.24,15.94,16,95.6
S00167,2025-05-25,GSO-BNA,Cardinal Motor Freight,65.0,low,5922,13.89,15.94,16,87.1
S00186,2025-06-19,GSO-BNA,Cardinal Motor Freight,60.0,low,1934,20.78,15.94,16,130.4
S00177,2025-12-22,GSO-BNA,Cardinal Motor Freight,50.0,low,4739,13.16,15.94,16,82.6
S00175,2025-02-14,GSO-BNA,Cardinal Motor Freight,50.0,low,5687,12.44,15.94,16,78.0
S00172,2025-03-28,GSO-BNA,Cardinal Motor Freight,70.0,low,2702,18.87,15.94,16,118.4
S00168,2025-11-30,GSO-BNA,Cardinal Motor Freight,65.0,low,7006,15.39,15.94,16,96.5
S00165,2025-06-02,GSO-BNA,Cardinal Motor Freight,55.0,low,5278,12.76,15.94,16,80.1
S00547,2025-03-20,ORD-CLT,BlueRidge LTL,70.0,low,3602,17.73,16.21,16,109.4
S00555,2025-07-09,ORD-CLT,BlueRidge LTL,50.0,low,5217,12.11,16.21,16,74.7
S00543,2025-10-13,ORD-CLT,BlueRidge LTL,70.0,low,782,27.83,16.21,16,171.7
S00551,2025-03-09,ORD-CLT,BlueRidge LTL,70.0,low,6144,14.34,16.21,16,88.5
S00541,2025-09-05,ORD-CLT,BlueRidge LTL,50.0,low,479,22.1,16.21,16,136.3
S00544,2025-05-24,ORD-CLT,BlueRidge LTL,70.0,low,1682,23.0,16.21,16,141.9
S00548,2025-07-03,ORD-CLT,BlueRidge LTL,50.0,low,6707,13.62,16.21,16,84.0
S00540,2025-01-22,ORD-CLT,BlueRidge LTL,50.0,low,1145,17.44,16.21,16,107.6
S00537,2025-12-26,ORD-CLT,BlueRidge LTL,60.0,low,752,21.86,16.21,16,134.9
S00975,2025-11-05,JFK-BOS,Piedmont Freight Line,50.0,low,4620,16.7,21.17,16,78.9
S00338,2025-04-08,CLT-CMH,BlueRidge LTL,125.0,high,7039,23.46,27.14,16,86.4
S00817,2025-08-09,LAX-PHX,Palmetto Freight Systems,125.0,high,5305,21.55,28.25,16,76.3
S00959,2025-03-03,DFW-IAH,Crossroads Freight Co,125.0,high,7370,30.55,32.5,16,94.0
S00960,2025-09-20,DFW-IAH,Crossroads Freight Co,125.0,high,7470,29.89,32.5,16,92.0
S00966,2025-06-10,DFW-IAH,Crossroads Freight Co,150.0,high,1384,48.41,32.5,16,149.0
S00496,2025-02-13,ORD-CLT,Piedmont Freight Line,175.0,vhigh,7924,27.29,35.39,16,77.1
S00493,2025-11-26,ORD-CLT,Piedmont Freight Line,200.0,vhigh,994,50.48,35.39,16,142.6
S00767,2025-07-22,LAX-PHX,Piedmont Freight Line,200.0,vhigh,4304,39.8,37.46,16,106.2
S00751,2025-12-30,LAX-PHX,Piedmont Freight Line,250.0,vhigh,3389,42.68,37.46,16,113.9
S00494,2025-12-19,ORD-CLT,Piedmont Freight Line,77.5,mid,2702,19.17,22.98,17,83.4
S00498,2025-08-30,ORD-CLT,Piedmont Freight Line,110.0,mid,7199,17.08,22.98,17,74.3
S00497,2025-06-11,ORD-CLT,Piedmont Freight Line,100.0,mid,1705,25.99,22.98,17,113.1
S00941,2025-04-15,DFW-IAH,Palmetto Freight Systems,150.0,high,3413,29.59,35.21,17,84.0
S00939,2025-07-18,DFW-IAH,Palmetto Freight Systems,125.0,high,5406,24.2,35.21,17,68.7
S00363,2025-04-16,CLT-CMH,Palmetto Freight Systems,175.0,vhigh,5854,26.43,36.93,17,71.6
S00373,2025-01-06,CLT-CMH,Palmetto Freight Systems,250.0,vhigh,3567,34.06,36.93,17,92.2
S00383,2025-07-08,CLT-CMH,Palmetto Freight Systems,200.0,vhigh,4510,40.06,36.93,17,108.5
S00354,2025-02-04,CLT-CMH,Palmetto Freight Systems,250.0,vhigh,5129,38.03,36.93,17,103.0
S00364,2025-07-10,CLT-CMH,Palmetto Freight Systems,175.0,vhigh,444,61.01,36.93,17,165.2
S00376,2025-04-24,CLT-CMH,Palmetto Freight Systems,200.0,vhigh,4488,46.99,36.93,17,127.2
S00367,2025-03-22,CLT-CMH,Palmetto Freight Systems,200.0,vhigh,6571,28.45,36.93,17,77.0
S00209,2025-02-18,GSO-BNA,Palmetto Freight Systems,250.0,vhigh,3313,46.81,39.1,17,119.7
S00225,2025-08-30,GSO-BNA,Palmetto Freight Systems,250.0,vhigh,2477,50.32,39.1,17,128.7
S00213,2025-10-03,GSO-BNA,Palmetto Freight Systems,200.0,vhigh,4880,32.42,39.1,17,82.9
S00214,2025-04-21,GSO-BNA,Palmetto Freight Systems,250.0,vhigh,5606,29.43,39.1,17,75.3
S00220,2025-05-24,GSO-BNA,Palmetto Freight Systems,200.0,vhigh,1327,42.91,39.1,17,109.7
S00105,2025-07-01,CLT-ATL,Crossroads Freight Co,200.0,vhigh,6717,37.45,47.47,17,78.9
S00098,2025-11-03,CLT-ATL,Crossroads Freight Co,200.0,vhigh,7484,43.92,47.47,17,92.5
S00104,2025-01-14,CLT-ATL,Crossroads Freight Co,200.0,vhigh,6037,37.53,47.47,17,79.1
S00569,2025-07-29,DFW-ATL,Piedmont Freight Line,55.0,low,3411,14.07,14.87,18,94.6
S00568,2025-04-16,DFW-ATL,Piedmont Freight Line,50.0,low,1195,16.64,14.87,18,111.9
S00567,2025-02-17,DFW-ATL,Piedmont Freight Line,55.0,low,490,20.6,14.87,18,138.5
S00571,2025-08-12,DFW-ATL,Piedmont Freight Line,65.0,low,2312,15.14,14.87,18,101.8
S00570,2025-11-24,DFW-ATL,Piedmont Freight Line,50.0,low,867,18.31,14.87,18,123.1
S00573,2025-10-10,DFW-ATL,Piedmont Freight Line,55.0,low,3572,15.35,14.87,18,103.2
S00183,2025-06-09,GSO-BNA,Cardinal Motor Freight,100.0,mid,6951,18.9,19.32,18,97.8
S00195,2025-06-22,GSO-BNA,Cardinal Motor Freight,110.0,mid,6504,19.96,19.32,18,103.3
S00163,2025-05-01,GSO-BNA,Cardinal Motor Freight,100.0,mid,1437,30.74,19.32,18,159.1
S00178,2025-01-11,GSO-BNA,Cardinal Motor Freight,85.0,mid,3719,22.48,19.32,18,116.4
S00174,2025-06-23,GSO-BNA,Cardinal Motor Freight,100.0,mid,1461,23.74,19.32,18,122.9
S00193,2025-11-27,GSO-BNA,Cardinal Motor Freight,110.0,mid,1031,34.99,19.32,18,181.1
S00194,2025-06-04,GSO-BNA,Cardinal Motor Freight,92.5,mid,2924,22.13,19.32,18,114.5
S00185,2025-07-19,GSO-BNA,Cardinal Motor Freight,100.0,mid,2727,25.56,19.32,18,132.3
S00283,2025-08-04,ATL-MCO,BlueRidge LTL,77.5,mid,3561,20.82,23.8,18,87.5
S00279,2025-05-05,ATL-MCO,BlueRidge LTL,100.0,mid,6622,21.61,23.8,18,90.8
S00278,2025-06-21,ATL-MCO,BlueRidge LTL,92.5,mid,5673,19.3,23.8,18,81.1
S00275,2025-06-03,ATL-MCO,BlueRidge LTL,77.5,mid,1929,22.4,23.8,18,94.1
S00280,2025-08-01,ATL-MCO,BlueRidge LTL,92.5,mid,1604,29.83,23.8,18,125.3
S00277,2025-06-14,ATL-MCO,BlueRidge LTL,100.0,mid,6739,20.84,23.8,18,87.6
S00706,2025-06-05,ORD-DFW,BlueRidge LTL,250.0,vhigh,2994,40.98,30.08,18,136.2
S00711,2025-09-07,ORD-DFW,Palmetto Freight Systems,250.0,vhigh,346,54.24,30.08,18,180.3
S00892,2025-08-02,DFW-IAH,Cardinal Motor Freight,150.0,high,7876,31.9,32.5,18,98.2
S00490,2025-11-02,ATL-EWR,Crossroads Freight Co,250.0,vhigh,901,48.36,33.48,18,144.4
S00489,2025-11-17,ATL-EWR,Crossroads Freight Co,250.0,vhigh,3252,35.66,33.48,18,106.5
S00492,2025-12-11,ATL-EWR,Crossroads Freight Co,175.0,vhigh,3276,30.72,33.48,18,91.8
S00388,2025-06-14,CLT-CMH,Crossroads Freight Co,200.0,vhigh,5488,30.71,35.48,18,86.6
S00398,2025-02-08,CLT-CMH,Crossroads Freight Co,175.0,vhigh,2513,36.93,35.48,18,104.1
S00393,2025-05-20,CLT-CMH,Crossroads Freight Co,175.0,vhigh,3484,37.94,35.48,18,106.9
S00406,2025-03-23,CLT-CMH,Crossroads Freight Co,200.0,vhigh,1451,49.15,35.48,18,138.5
S00404,2025-03-25,CLT-CMH,Crossroads Freight Co,250.0,vhigh,4942,38.25,35.48,18,107.8
S00395,2025-12-01,CLT-CMH,Crossroads Freight Co,200.0,vhigh,2438,39.17,35.48,18,110.4
S00305,2025-05-11,CLT-CMH,Cardinal Motor Freight,175.0,vhigh,4913,35.48,37.94,18,93.5
S00293,2025-04-28,CLT-CMH,Cardinal Motor Freight,200.0,vhigh,6432,30.82,37.94,18,81.2
S00301,2025-07-24,CLT-CMH,Cardinal Motor Freight,250.0,vhigh,6365,34.72,37.94,18,91.5
S00319,2025-02-06,CLT-CMH,Cardinal Motor Freight,200.0,vhigh,342,62.04,37.94,18,163.5
S00302,2025-12-18,CLT-CMH,Cardinal Motor Freight,250.0,vhigh,5552,37.5,37.94,18,98.8
S00299,2025-01-17,CLT-CMH,Cardinal Motor Freight,250.0,vhigh,6110,36.76,37.94,18,96.9
S00072,2025-07-06,CLT-ATL,Palmetto Freight Systems,200.0,vhigh,2741,46.51,43.92,18,105.9
S00071,2025-05-13,CLT-ATL,Palmetto Freight Systems,175.0,vhigh,1659,47.87,43.92,18,109.0
S00480,2025-02-22,ATL-EWR,Palmetto Freight Systems,77.5,mid,3474,18.22,16.38,19,111.2
S00485,2025-12-21,ATL-EWR,Palmetto Freight Systems,110.0,mid,5518,15.22,16.38,19,92.9
S00484,2025-09-05,ATL-EWR,Palmetto Freight Systems,77.5,mid,6130,10.78,16.38,19,65.8
S00483,2025-10-23,ATL-EWR,Palmetto Freight Systems,77.5,mid,1791,17.01,16.38,19,103.8
S00578,2025-05-17,DFW-ATL,BlueRidge LTL,92.5,mid,7463,20.45,17.69,19,115.6
S00606,2025-11-12,DFW-ATL,BlueRidge LTL,92.5,mid,2376,22.77,17.69,19,128.7
S00582,2025-10-24,DFW-ATL,BlueRidge LTL,77.5,mid,5186,16.71,17.69,19,94.5
S00580,2025-01-03,DFW-ATL,BlueRidge LTL,110.0,mid,1305,31.53,17.69,19,178.2
S00593,2025-05-25,DFW-ATL,BlueRidge LTL,100.0,mid,1497,29.45,17.69,19,166.5
S00598,2025-05-17,DFW-ATL,BlueRidge LTL,85.0,mid,7441,21.07,17.69,19,119.1
S00591,2025-10-11,DFW-ATL,BlueRidge LTL,77.5,mid,7108,17.69,17.69,19,100.0
S00584,2025-03-26,DFW-ATL,BlueRidge LTL,92.5,mid,915,31.82,17.69,19,179.9
S00597,2025-11-16,DFW-ATL,BlueRidge LTL,92.5,mid,3907,24.19,17.69,19,136.7
S00588,2025-05-27,DFW-ATL,BlueRidge LTL,77.5,mid,841,28.67,17.69,19,162.1
S00227,2025-04-28,GSO-BNA,Palmetto Freight Systems,100.0,mid,7811,16.91,22.13,19,76.4
S00218,2025-01-05,GSO-BNA,Palmetto Freight Systems,77.5,mid,2189,18.16,22.13,19,82.1
S00207,2025-10-26,GSO-BNA,Palmetto Freight Systems,77.5,mid,7367,15.55,22.13,19,70.3
S00210,2025-04-26,GSO-BNA,Palmetto Freight Systems,77.5,mid,2612,16.35,22.13,19,73.9
S00226,2025-10-08,GSO-BNA,Palmetto Freight Systems,92.5,mid,2230,19.41,22.13,19,87.7
S00221,2025-12-06,GSO-BNA,Palmetto Freight Systems,77.5,mid,3230,18.97,22.13,19,85.7
S00217,2025-06-02,GSO-BNA,Palmetto Freight Systems,85.0,mid,4275,16.66,22.13,19,75.3
S00481,2025-05-12,ATL-EWR,Palmetto Freight Systems,250.0,vhigh,564,44.98,35.66,19,126.1
S00487,2025-08-12,ATL-EWR,Palmetto Freight Systems,250.0,vhigh,5344,28.06,35.66,19,78.7
S00333,2025-03-20,CLT-CMH,BlueRidge LTL,175.0,vhigh,3419,39.12,37.5,19,104.3
S00345,2025-09-16,CLT-CMH,BlueRidge LTL,250.0,vhigh,5441,37.97,37.5,19,101.3
S00325,2025-04-10,CLT-CMH,BlueRidge LTL,175.0,vhigh,7346,30.28,37.5,19,80.7
S00321,2025-01-09,CLT-CMH,BlueRidge LTL,175.0,vhigh,5384,32.41,37.5,19,86.4
S00334,2025-09-27,CLT-CMH,BlueRidge LTL,175.0,vhigh,6069,32.17,37.5,19,85.8
S00153,2025-07-13,GSO-BNA,Piedmont Freight Line,250.0,vhigh,3851,40.04,39.1,19,102.4
S00161,2025-05-04,GSO-BNA,Piedmont Freight Line,175.0,vhigh,5695,27.88,39.1,19,71.3
S00151,2025-04-24,GSO-BNA,Piedmont Freight Line,200.0,vhigh,1955,44.84,39.1,19,114.7
S00199,2025-01-25,GSO-BNA,BlueRidge LTL,175.0,vhigh,773,50.1,40.04,19,125.1
S00197,2025-09-19,GSO-BNA,BlueRidge LTL,175.0,vhigh,4816,39.1,40.04,19,97.7
S00202,2025-10-27,GSO-BNA,BlueRidge LTL,175.0,vhigh,5134,35.29,40.04,19,88.1
S00067,2025-11-11,CLT-ATL,BlueRidge LTL,250.0,vhigh,3584,61.78,45.65,19,135.3
S00477,2025-04-03,ATL-EWR,Palmetto Freight Systems,65.0,low,4714,16.11,12.93,21,124.6
S00482,2025-01-19,ATL-EWR,Palmetto Freight Systems,70.0,low,5999,13.99,12.93,21,108.2
S00486,2025-10-10,ATL-EWR,Palmetto Freight Systems,50.0,low,7435,9.04,12.93,21,69.9
S00478,2025-03-24,ATL-EWR,Palmetto Freight Systems,70.0,low,925,19.23,12.93,21,148.7
S00215,2025-03-05,GSO-BNA,Palmetto Freight Systems,60.0,low,1545,20.39,14.46,21,141.0
S00219,2025-02-24,GSO-BNA,Palmetto Freight Systems,55.0,low,5089,11.9,14.46,21,82.3
S00223,2025-01-31,GSO-BNA,Palmetto Freight Systems,50.0,low,673,15.94,14.46,21,110.2
S00211,2025-07-20,GSO-BNA,Palmetto Freight Systems,60.0,low,3279,14.88,14.46,21,102.9
S00216,2025-03-13,GSO-BNA,Palmetto Freight Systems,65.0,low,4287,19.5,14.46,21,134.9
S00228,2025-10-24,GSO-BNA,Palmetto Freight Systems,65.0,low,2448,14.75,14.46,21,102.0
S00205,2025-02-01,GSO-BNA,Palmetto Freight Systems,70.0,low,6634,15.56,14.46,21,107.6
S00208,2025-10-26,GSO-BNA,Palmetto Freight Systems,60.0,low,5443,12.83,14.46,21,88.7
S00488,2025-08-29,ATL-EWR,Crossroads Freight Co,85.0,mid,2154,15.71,17.01,21,92.4
S00491,2025-09-05,ATL-EWR,Crossroads Freight Co,85.0,mid,7484,13.87,17.01,21,81.5
S00500,2025-05-24,ORD-CLT,Piedmont Freight Line,55.0,low,7422,11.67,17.44,21,66.9
S00501,2025-01-23,ORD-CLT,Piedmont Freight Line,70.0,low,5889,13.13,17.44,21,75.3
S00499,2025-04-13,ORD-CLT,Piedmont Freight Line,65.0,low,2784,15.96,17.44,21,91.5
S00495,2025-08-15,ORD-CLT,Piedmont Freight Line,65.0,low,1986,19.23,17.44,21,110.3
S00158,2025-03-18,GSO-BNA,Piedmont Freight Line,92.5,mid,1295,24.95,19.61,21,127.2
S00154,2025-10-18,GSO-BNA,Piedmont Freight Line,85.0,mid,5065,15.92,19.61,21,81.2
S00152,2025-05-15,GSO-BNA,Piedmont Freight Line,110.0,mid,7168,19.99,19.61,21,101.9
S00155,2025-08-26,GSO-BNA,Piedmont Freight Line,100.0,mid,159,36.74,19.61,21,187.4
S00160,2025-12-14,GSO-BNA,Piedmont Freight Line,85.0,mid,1726,22.61,19.61,21,115.3
S00291,2025-01-01,ATL-MCO,Crossroads Freight Co,92.5,mid,7274,19.37,22.54,21,85.9
S00287,2025-11-01,ATL-MCO,Crossroads Freight Co,92.5,mid,3837,19.87,22.54,21,88.2
S00286,2025-06-25,ATL-MCO,Crossroads Freight Co,77.5,mid,508,26.02,22.54,21,115.4
S00986,2025-08-19,JFK-BOS,Cardinal Motor Freight,85.0,mid,6033,20.72,31.46,21,65.9
S00977,2025-03-28,JFK-BOS,Cardinal Motor Freight,85.0,mid,393,44.35,31.46,21,141.0
S00978,2025-08-22,JFK-BOS,Cardinal Motor Freight,77.5,mid,4717,24.77,31.46,21,78.7
S00981,2025-06-19,JFK-BOS,Cardinal Motor Freight,110.0,mid,1787,36.89,31.46,21,117.3
S00982,2025-06-12,JFK-BOS,Cardinal Motor Freight,100.0,mid,3641,30.77,31.46,21,97.8
S00980,2025-07-25,JFK-BOS,Cardinal Motor Freight,92.5,mid,1560,33.34,31.46,21,106.0
S00985,2025-05-02,JFK-BOS,Cardinal Motor Freight,77.5,mid,3117,24.74,31.46,21,78.6
S00234,2025-07-30,GSO-BNA,Crossroads Freight Co,175.0,vhigh,5985,31.53,40.04,21,78.7
S00231,2025-10-11,GSO-BNA,Crossroads Freight Co,110.0,mid,6555,21.13,19.96,22,105.9
S00236,2025-09-09,GSO-BNA,Crossroads Freight Co,110.0,mid,5311,19.32,19.96,22,96.8
S00235,2025-02-06,GSO-BNA,Crossroads Freight Co,100.0,mid,6124,19.61,19.96,22,98.2
S00230,2025-12-29,GSO-BNA,Crossroads Freight Co,77.5,mid,2299,18.94,19.96,22,94.9
S01020,2025-01-12,JFK-BOS,Palmetto Freight Systems,110.0,mid,471,49.51,30.77,23,160.9
S01019,2025-12-24,JFK-BOS,Palmetto Freight Systems,100.0,mid,1007,34.43,30.77,23,111.9
S01021,2025-05-11,JFK-BOS,Palmetto Freight Systems,92.5,mid,5731,19.85,30.77,23,64.5
S01017,2025-05-29,JFK-BOS,Palmetto Freight Systems,77.5,mid,3732,23.73,30.77,23,77.1
S01022,2025-12-13,JFK-BOS,Palmetto Freight Systems,92.5,mid,1990,31.53,30.77,23,102.5
S00686,2025-01-03,ORD-DFW,Cardinal Motor Freight,65.0,low,3330,12.48,12.63,24,98.8
S00698,2025-06-17,ORD-DFW,Cardinal Motor Freight,65.0,low,1044,13.73,12.63,24,108.7
S00687,2025-03-21,ORD-DFW,Cardinal Motor Freight,55.0,low,4829,11.21,12.63,24,88.8
S00670,2025-10-06,ORD-DFW,Cardinal Motor Freight,65.0,low,4906,13.74,12.63,24,108.8
S00671,2025-01-21,ORD-DFW,Cardinal Motor Freight,50.0,low,4612,11.21,12.63,24,88.8
S00694,2025-07-27,ORD-DFW,Cardinal Motor Freight,70.0,low,4616,15.02,12.63,24,118.9
S00691,2025-04-25,ORD-DFW,Cardinal Motor Freight,60.0,low,2244,14.0,12.63,24,110.8
S00679,2025-10-01,ORD-DFW,Cardinal Motor Freight,50.0,low,6836,9.3,12.63,24,73.6
S00677,2025-11-05,ORD-DFW,Cardinal Motor Freight,50.0,low,1823,13.54,12.63,24,107.2
S00683,2025-04-08,ORD-DFW,Cardinal Motor Freight,70.0,low,4184,15.0,12.63,24,118.8
S00692,2025-11-13,ORD-DFW,Cardinal Motor Freight,60.0,low,5139,10.44,12.63,24,82.7
S00689,2025-05-14,ORD-DFW,Cardinal Motor Freight,55.0,low,1136,13.04,12.63,24,103.2
S00684,2025-01-18,ORD-DFW,Cardinal Motor Freight,65.0,low,1958,16.3,12.63,24,129.1
S00695,2025-01-19,ORD-DFW,Cardinal Motor Freight,60.0,low,3874,13.41,12.63,24,106.2
S00834,2025-07-27,LAX-PHX,Crossroads Freight Co,50.0,low,761,18.28,14.93,24,122.4
S00831,2025-01-01,LAX-PHX,Crossroads Freight Co,50.0,low,2640,12.28,14.93,24,82.3
S00858,2025-04-15,LAX-PHX,Crossroads Freight Co,55.0,low,7993,11.66,14.93,24,78.1
S00851,2025-05-04,LAX-PHX,Crossroads Freight Co,65.0,low,1933,22.17,14.93,24,148.5
S00847,2025-04-06,LAX-PHX,Crossroads Freight Co,70.0,low,476,28.58,14.93,24,191.4
S00846,2025-10-22,LAX-PHX,Crossroads Freight Co,65.0,low,2756,19.65,14.93,24,131.6
S00848,2025-05-17,LAX-PHX,Crossroads Freight Co,50.0,low,1980,18.66,14.93,24,125.0
S00832,2025-02-26,LAX-PHX,Crossroads Freight Co,65.0,low,7648,14.11,14.93,24,94.5
S00833,2025-03-03,LAX-PHX,Crossroads Freight Co,65.0,low,6577,14.65,14.93,24,98.1
S00204,2025-10-15,GSO-BNA,BlueRidge LTL,92.5,mid,6183,19.83,19.61,24,101.1
S00201,2025-12-16,GSO-BNA,BlueRidge LTL,110.0,mid,2764,28.4,19.61,24,144.8
S00918,2025-02-13,DFW-IAH,BlueRidge LTL,77.5,mid,6970,21.69,28.0,24,77.5
S00931,2025-02-14,DFW-IAH,BlueRidge LTL,85.0,mid,7387,23.31,28.0,24,83.2
S00928,2025-11-13,DFW-IAH,BlueRidge LTL,77.5,mid,5397,20.67,28.0,24,73.8
S00906,2025-10-09,DFW-IAH,BlueRidge LTL,100.0,mid,5801,28.73,28.0,24,102.6
S00912,2025-07-17,DFW-IAH,BlueRidge LTL,92.5,mid,4545,26.51,28.0,24,94.7
S00932,2025-07-01,DFW-IAH,BlueRidge LTL,77.5,mid,3845,24.34,28.0,24,86.9
S00925,2025-05-13,DFW-IAH,BlueRidge LTL,92.5,mid,762,40.66,28.0,24,145.2
S00913,2025-12-01,DFW-IAH,BlueRidge LTL,100.0,mid,1912,34.53,28.0,24,123.3
S00909,2025-05-11,DFW-IAH,BlueRidge LTL,92.5,mid,1186,33.66,28.0,24,120.2
S00910,2025-03-27,DFW-IAH,BlueRidge LTL,92.5,mid,3887,31.77,28.0,24,113.5
S00915,2025-12-22,DFW-IAH,BlueRidge LTL,100.0,mid,6996,26.49,28.0,24,94.6
S00889,2025-03-30,DFW-IAH,Piedmont Freight Line,85.0,mid,5028,20.99,28.73,24,73.1
S00866,2025-09-04,DFW-IAH,Piedmont Freight Line,110.0,mid,7731,24.73,28.73,24,86.1
S00865,2025-12-07,DFW-IAH,Piedmont Freight Line,100.0,mid,4143,28.84,28.73,24,100.4
S00887,2025-03-29,DFW-IAH,Piedmont Freight Line,100.0,mid,6763,22.94,28.73,24,79.8
S00873,2025-12-11,DFW-IAH,Piedmont Freight Line,77.5,mid,1650,26.04,28.73,24,90.6
S00864,2025-10-18,DFW-IAH,Piedmont Freight Line,92.5,mid,2769,28.0,28.73,24,97.5
S00886,2025-05-09,DFW-IAH,Piedmont Freight Line,100.0,mid,2925,26.93,28.73,24,93.7
S00880,2025-01-19,DFW-IAH,Piedmont Freight Line,77.5,mid,5284,20.03,28.73,24,69.7
S00869,2025-05-21,DFW-IAH,Piedmont Freight Line,100.0,mid,2748,28.05,28.73,24,97.6
S00871,2025-12-16,DFW-IAH,Piedmont Freight Line,85.0,mid,714,33.73,28.73,24,117.4
S00888,2025-09-15,DFW-IAH,Piedmont Freight Line,77.5,mid,5596,17.29,28.73,24,60.2
S00777,2025-02-10,LAX-PHX,Piedmont Freight Line,70.0,low,1725,19.66,14.95,25,131.5
S00756,2025-04-16,LAX-PHX,Piedmont Freight Line,60.0,low,6630,11.73,14.95,25,78.5
S00761,2025-12-08,LAX-PHX,Piedmont Freight Line,60.0,low,5198,12.73,14.95,25,85.2
S00769,2025-11-17,LAX-PHX,Piedmont Freight Line,65.0,low,4525,16.16,14.95,25,108.1
S00766,2025-12-13,LAX-PHX,Piedmont Freight Line,70.0,low,980,20.74,14.95,25,138.7
S00772,2025-09-07,LAX-PHX,Piedmont Freight Line,50.0,low,7570,11.33,14.95,25,75.8
S00759,2025-03-18,LAX-PHX,Piedmont Freight Line,70.0,low,7633,14.1,14.95,25,94.3
S00762,2025-02-02,LAX-PHX,Piedmont Freight Line,70.0,low,3721,18.11,14.95,25,121.1
S00306,2025-12-19,CLT-CMH,Cardinal Motor Freight,55.0,low,2185,15.38,16.19,25,95.0
S00318,2025-05-29,CLT-CMH,Cardinal Motor Freight,50.0,low,6790,10.39,16.19,25,64.2
S00300,2025-05-05,CLT-CMH,Cardinal Motor Freight,50.0,low,2865,13.69,16.19,25,84.6
S00304,2025-12-26,CLT-CMH,Cardinal Motor Freight,70.0,low,7653,13.14,16.19,25,81.2
S00297,2025-01-29,CLT-CMH,Cardinal Motor Freight,50.0,low,1846,18.04,16.19,25,111.4
S00317,2025-10-23,CLT-CMH,Cardinal Motor Freight,60.0,low,1725,20.28,16.19,25,125.3
S00308,2025-05-25,CLT-CMH,Cardinal Motor Freight,60.0,low,7060,12.01,16.19,25,74.2
S00313,2025-12-30,CLT-CMH,Cardinal Motor Freight,60.0,low,7171,11.07,16.19,25,68.4
S00316,2025-01-04,CLT-CMH,Cardinal Motor Freight,70.0,low,2965,18.75,16.19,25,115.8
S00303,2025-11-01,CLT-CMH,Cardinal Motor Freight,65.0,low,929,19.95,16.19,25,123.2
S00295,2025-10-27,CLT-CMH,Cardinal Motor Freight,55.0,low,1240,18.16,16.19,25,112.2
S00566,2025-05-10,DFW-ATL,Piedmont Freight Line,85.0,mid,4494,20.2,20.45,25,98.8
S00565,2025-08-28,DFW-ATL,Piedmont Freight Line,85.0,mid,2527,20.07,20.45,25,98.1
S00574,2025-08-26,DFW-ATL,Piedmont Freight Line,100.0,mid,1829,28.32,20.45,25,138.5
S00572,2025-04-01,DFW-ATL,Piedmont Freight Line,77.5,mid,7317,14.62,20.45,25,71.5
S00323,2025-08-21,CLT-CMH,BlueRidge LTL,100.0,mid,6112,21.54,21.45,25,100.4
S00344,2025-11-27,CLT-CMH,BlueRidge LTL,110.0,mid,6800,22.52,21.45,25,105.0
S00322,2025-05-11,CLT-CMH,BlueRidge LTL,85.0,mid,3890,21.37,21.45,25,99.6
S00335,2025-01-22,CLT-CMH,BlueRidge LTL,77.5,mid,5211,18.18,21.45,25,84.8
S00347,2025-06-17,CLT-CMH,BlueRidge LTL,77.5,mid,4307,20.2,21.45,25,94.2
S00331,2025-07-02,CLT-CMH,BlueRidge LTL,100.0,mid,2489,25.55,21.45,25,119.1
S00330,2025-09-04,CLT-CMH,BlueRidge LTL,85.0,mid,2145,21.05,21.45,25,98.1
S00327,2025-02-17,CLT-CMH,BlueRidge LTL,85.0,mid,4728,19.1,21.45,25,89.0
S00336,2025-11-29,CLT-CMH,BlueRidge LTL,77.5,mid,6288,15.87,21.45,25,74.0
S00329,2025-01-02,CLT-CMH,BlueRidge LTL,92.5,mid,7718,19.43,21.45,25,90.6
S00348,2025-11-24,CLT-CMH,BlueRidge LTL,110.0,mid,1565,28.95,21.45,25,135.0
S00343,2025-02-21,CLT-CMH,BlueRidge LTL,92.5,mid,7550,19.74,21.45,25,92.0
S00342,2025-08-01,CLT-CMH,BlueRidge LTL,100.0,mid,7508,21.09,21.45,25,98.3
S00332,2025-11-10,CLT-CMH,BlueRidge LTL,100.0,mid,3886,24.81,21.45,25,115.7
S00328,2025-11-29,CLT-CMH,BlueRidge LTL,100.0,mid,6765,20.25,21.45,25,94.4
S00198,2025-11-27,GSO-BNA,BlueRidge LTL,50.0,low,274,23.16,14.46,26,160.2
S00196,2025-04-04,GSO-BNA,BlueRidge LTL,50.0,low,1550,18.28,14.46,26,126.4
S00200,2025-03-26,GSO-BNA,BlueRidge LTL,70.0,low,698,24.38,14.46,26,168.6
S00156,2025-01-27,GSO-BNA,Piedmont Freight Line,70.0,low,2261,18.14,14.88,26,121.9
S00157,2025-06-25,GSO-BNA,Piedmont Freight Line,55.0,low,3917,13.09,14.88,26,88.0
S00159,2025-02-18,GSO-BNA,Piedmont Freight Line,50.0,low,4543,12.74,14.88,26,85.6
S00800,2025-03-12,LAX-PHX,Cardinal Motor Freight,50.0,low,7125,12.61,14.93,26,84.5
S00781,2025-01-21,LAX-PHX,Cardinal Motor Freight,65.0,low,2514,16.02,14.93,26,107.3
S00792,2025-02-12,LAX-PHX,Cardinal Motor Freight,65.0,low,867,21.34,14.93,26,142.9
S00793,2025-02-27,LAX-PHX,Cardinal Motor Freight,65.0,low,4466,18.64,14.93,26,124.8
S00808,2025-09-28,LAX-PHX,Cardinal Motor Freight,70.0,low,2806,18.67,14.93,26,125.1
S00807,2025-12-01,LAX-PHX,Cardinal Motor Freight,50.0,low,4401,12.69,14.93,26,85.0
S00797,2025-11-13,LAX-PHX,Cardinal Motor Freight,50.0,low,3542,13.97,14.93,26,93.6
S00094,2025-07-26,CLT-ATL,Palmetto Freight Systems,70.0,low,3967,21.17,20.22,26,104.7
S00004,2025-08-16,CLT-ATL,Piedmont Freight Line,60.0,low,6204,15.89,20.22,26,78.6
S00075,2025-03-30,CLT-ATL,Palmetto Freight Systems,60.0,low,5749,16.68,20.22,26,82.5
S00090,2025-06-07,CLT-ATL,Palmetto Freight Systems,50.0,low,3223,15.65,20.22,26,77.4
S00091,2025-10-15,CLT-ATL,Palmetto Freight Systems,60.0,low,5077,14.87,20.22,26,73.5
S00009,2025-04-29,CLT-ATL,Piedmont Freight Line,55.0,low,5051,14.7,20.22,26,72.7
S00026,2025-05-17,CLT-ATL,Piedmont Freight Line,50.0,low,741,24.19,20.22,26,119.6
S00016,2025-08-24,CLT-ATL,Piedmont Freight Line,60.0,low,4788,19.77,20.22,26,97.8
S00069,2025-05-27,CLT-ATL,Palmetto Freight Systems,70.0,low,2877,23.57,20.22,26,116.6
S00005,2025-05-20,CLT-ATL,Piedmont Freight Line,55.0,low,898,26.74,20.22,26,132.2
S00089,2025-03-26,CLT-ATL,Palmetto Freight Systems,55.0,low,6560,11.82,20.22,26,58.5
S00093,2025-10-19,CLT-ATL,Palmetto Freight Systems,70.0,low,7032,20.89,20.22,26,103.3
S00022,2025-07-05,CLT-ATL,Piedmont Freight Line,65.0,low,3026,18.71,20.22,26,92.5
S00081,2025-03-04,CLT-ATL,Palmetto Freight Systems,70.0,low,7861,18.04,20.22,26,89.2
S00013,2025-07-13,CLT-ATL,Piedmont Freight Line,50.0,low,1312,20.24,20.22,26,100.1
S00028,2025-04-19,CLT-ATL,Piedmont Freight Line,55.0,low,2682,20.03,20.22,26,99.1
S00082,2025-03-16,CLT-ATL,Palmetto Freight Systems,60.0,low,6593,14.81,20.22,26,73.2
S00088,2025-08-03,CLT-ATL,Palmetto Freight Systems,70.0,low,1613,31.56,20.22,26,156.1
S00017,2025-07-17,CLT-ATL,Piedmont Freight Line,65.0,low,7533,17.42,20.22,26,86.2
S00024,2025-12-30,CLT-ATL,Piedmont Freight Line,70.0,low,1956,25.41,20.22,26,125.7
S00054,2025-12-29,CLT-ATL,Cardinal Motor Freight,110.0,mid,245,52.68,26.39,26,199.6
S00053,2025-06-09,CLT-ATL,Cardinal Motor Freight,100.0,mid,5992,23.01,26.39,26,87.2
S00051,2025-05-01,CLT-ATL,Cardinal Motor Freight,100.0,mid,4796,33.09,26.39,26,125.4
S00035,2025-07-26,CLT-ATL,Cardinal Motor Freight,92.5,mid,7486,23.38,26.39,26,88.6
S00033,2025-06-06,CLT-ATL,Cardinal Motor Freight,85.0,mid,1236,27.96,26.39,26,105.9
S00044,2025-02-07,CLT-ATL,Cardinal Motor Freight,85.0,mid,7456,18.72,26.39,26,70.9
S00043,2025-07-31,CLT-ATL,Cardinal Motor Freight,100.0,mid,4451,33.84,26.39,26,128.2
S00049,2025-02-23,CLT-ATL,Cardinal Motor Freight,110.0,mid,6720,27.04,26.39,26,102.5
S00046,2025-06-13,CLT-ATL,Cardinal Motor Freight,100.0,mid,2656,30.12,26.39,26,114.1
S00042,2025-10-21,CLT-ATL,Cardinal Motor Freight,85.0,mid,1077,33.19,26.39,26,125.8
S00039,2025-10-27,CLT-ATL,Cardinal Motor Freight,92.5,mid,7559,24.83,26.39,26,94.1
S00970,2025-09-21,DFW-IAH,Crossroads Freight Co,77.5,mid,4618,28.87,26.49,26,109.0
S00952,2025-10-15,DFW-IAH,Crossroads Freight Co,92.5,mid,1035,36.0,26.49,26,135.9
S00962,2025-05-17,DFW-IAH,Crossroads Freight Co,85.0,mid,525,37.6,26.49,26,141.9
S00961,2025-03-12,DFW-IAH,Crossroads Freight Co,100.0,mid,1093,42.54,26.49,26,160.6
S00958,2025-05-24,DFW-IAH,Crossroads Freight Co,110.0,mid,6599,32.3,26.49,26,121.9
S00954,2025-07-02,DFW-IAH,Crossroads Freight Co,100.0,mid,5177,28.3,26.49,26,106.8
S00956,2025-02-08,DFW-IAH,Crossroads Freight Co,110.0,mid,7696,23.93,26.49,26,90.3
S00963,2025-09-02,DFW-IAH,Crossroads Freight Co,110.0,mid,7979,29.82,26.49,26,112.6
S00965,2025-09-04,DFW-IAH,Crossroads Freight Co,77.5,mid,3862,25.18,26.49,26,95.1
S00020,2025-07-31,CLT-ATL,Piedmont Freight Line,92.5,mid,7118,22.65,27.38,26,82.7
S00008,2025-02-28,CLT-ATL,Piedmont Freight Line,85.0,mid,3371,24.51,27.38,26,89.5
S00012,2025-07-01,CLT-ATL,Piedmont Freight Line,92.5,mid,5668,20.43,27.38,26,74.6
S00015,2025-09-11,CLT-ATL,Piedmont Freight Line,92.5,mid,3841,26.41,27.38,26,96.5
S00023,2025-06-29,CLT-ATL,Piedmont Freight Line,77.5,mid,2231,24.02,27.38,26,87.7
S00010,2025-10-26,CLT-ATL,Piedmont Freight Line,85.0,mid,7184,20.15,27.38,26,73.6
S00014,2025-09-23,CLT-ATL,Piedmont Freight Line,110.0,mid,7887,26.03,27.38,26,95.1
S00029,2025-11-21,CLT-ATL,Piedmont Freight Line,110.0,mid,6509,26.24,27.38,26,95.8
S00027,2025-07-09,CLT-ATL,Piedmont Freight Line,110.0,mid,7498,26.39,27.38,26,96.4
S00018,2025-03-30,CLT-ATL,Piedmont Freight Line,110.0,mid,2174,27.23,27.38,26,99.5
S00011,2025-03-03,CLT-ATL,Piedmont Freight Line,100.0,mid,2542,28.95,27.38,26,105.7
S00972,2025-07-12,JFK-BOS,Piedmont Freight Line,110.0,mid,6987,26.22,31.46,26,83.3
S00973,2025-07-31,JFK-BOS,Piedmont Freight Line,92.5,mid,4173,26.52,31.46,26,84.3
S00653,2025-06-11,ORD-DFW,Piedmont Freight Line,70.0,low,3078,13.87,13.54,27,102.4
S00667,2025-12-27,ORD-DFW,Piedmont Freight Line,65.0,low,6273,9.67,13.54,27,71.4
S00642,2025-06-26,ORD-DFW,Piedmont Freight Line,60.0,low,820,16.91,13.54,27,124.9
S00639,2025-10-01,ORD-DFW,Piedmont Freight Line,70.0,low,5864,10.73,13.54,27,79.2
S00647,2025-06-25,ORD-DFW,Piedmont Freight Line,55.0,low,7765,9.44,13.54,27,69.7
S00665,2025-07-07,ORD-DFW,Piedmont Freight Line,70.0,low,3424,13.26,13.54,27,97.9
S00658,2025-03-07,ORD-DFW,Piedmont Freight Line,65.0,low,7816,9.62,13.54,27,71.0
S00649,2025-11-27,ORD-DFW,Piedmont Freight Line,70.0,low,1442,15.65,13.54,27,115.6
S00659,2025-04-17,ORD-DFW,Piedmont Freight Line,60.0,low,4409,11.24,13.54,27,83.0
S00655,2025-03-10,ORD-DFW,Piedmont Freight Line,70.0,low,2645,11.71,13.54,27,86.5
S00664,2025-02-10,ORD-DFW,Piedmont Freight Line,65.0,low,6091,11.33,13.54,27,83.7
S00233,2025-07-17,GSO-BNA,Crossroads Freight Co,55.0,low,1184,19.31,14.75,27,130.9
S00229,2025-08-12,GSO-BNA,Crossroads Freight Co,55.0,low,1155,18.94,14.75,27,128.4
S00394,2025-09-27,CLT-CMH,Crossroads Freight Co,65.0,low,7471,12.73,15.38,27,82.8
S00389,2025-09-29,CLT-CMH,Crossroads Freight Co,50.0,low,1880,18.03,15.38,27,117.2
S00400,2025-04-24,CLT-CMH,Crossroads Freight Co,55.0,low,7071,12.53,15.38,27,81.5
S00384,2025-01-28,CLT-CMH,Crossroads Freight Co,55.0,low,2406,13.82,15.38,27,89.9
S00403,2025-06-01,CLT-CMH,Crossroads Freight Co,70.0,low,7242,15.44,15.38,27,100.4
S00396,2025-09-15,CLT-CMH,Crossroads Freight Co,70.0,low,5381,16.84,15.38,27,109.5
S00390,2025-06-08,CLT-CMH,Crossroads Freight Co,55.0,low,877,23.28,15.38,27,151.4
S00392,2025-01-23,CLT-CMH,Crossroads Freight Co,65.0,low,257,27.66,15.38,27,179.8
S00409,2025-06-30,CLT-CMH,Crossroads Freight Co,50.0,low,1748,17.72,15.38,27,115.2
S00827,2025-11-01,LAX-PHX,Palmetto Freight Systems,55.0,low,1921,18.56,16.02,27,115.9
S00819,2025-05-11,LAX-PHX,Palmetto Freight Systems,60.0,low,1958,19.88,16.02,27,124.1
S00823,2025-01-10,LAX-PHX,Palmetto Freight Systems,50.0,low,4889,12.53,16.02,27,78.2
S00825,2025-11-05,LAX-PHX,Palmetto Freight Systems,60.0,low,6489,13.06,16.02,27,81.5
S00818,2025-08-13,LAX-PHX,Palmetto Freight Systems,55.0,low,7975,11.58,16.02,27,72.3
S00822,2025-03-01,LAX-PHX,Palmetto Freight Systems,60.0,low,7767,14.93,16.02,27,93.2
S00074,2025-02-23,CLT-ATL,Palmetto Freight Systems,77.5,mid,2003,23.11,26.39,27,87.6
S00092,2025-09-18,CLT-ATL,Palmetto Freight Systems,77.5,mid,6056,18.61,26.39,27,70.5
S00086,2025-12-07,CLT-ATL,Palmetto Freight Systems,85.0,mid,6385,19.65,26.39,27,74.5
S00085,2025-06-22,CLT-ATL,Palmetto Freight Systems,110.0,mid,7921,29.58,26.39,27,112.1
S00070,2025-12-22,CLT-ATL,Palmetto Freight Systems,92.5,mid,1563,26.83,26.39,27,101.7
S00076,2025-07-15,CLT-ATL,Palmetto Freight Systems,100.0,mid,5938,27.28,26.39,27,103.4
S00083,2025-08-01,CLT-ATL,Palmetto Freight Systems,110.0,mid,2690,33.13,26.39,27,125.5
S00077,2025-08-03,CLT-ATL,Palmetto Freight Systems,100.0,mid,7140,29.39,26.39,27,111.4
S00078,2025-08-10,CLT-ATL,Palmetto Freight Systems,92.5,mid,4754,30.19,26.39,27,114.4
S00095,2025-12-12,CLT-ATL,Palmetto Freight Systems,110.0,mid,2126,27.98,26.39,27,106.0
S00717,2025-03-02,ORD-DFW,Crossroads Freight Co,65.0,low,6829,12.17,13.26,28,91.8
S00745,2025-09-20,ORD-DFW,Crossroads Freight Co,70.0,low,5070,10.05,13.26,28,75.8
S00721,2025-02-07,ORD-DFW,Crossroads Freight Co,55.0,low,2464,13.11,13.26,28,98.9
S00724,2025-12-04,ORD-DFW,Crossroads Freight Co,60.0,low,1173,14.17,13.26,28,106.9
S00736,2025-07-01,ORD-DFW,Crossroads Freight Co,55.0,low,700,14.18,13.26,28,106.9
S00725,2025-02-07,ORD-DFW,Crossroads Freight Co,70.0,low,1444,16.68,13.26,28,125.8
S00729,2025-11-16,ORD-DFW,Crossroads Freight Co,50.0,low,922,16.4,13.26,28,123.7
S00733,2025-05-06,ORD-DFW,Crossroads Freight Co,65.0,low,3397,12.56,13.26,28,94.7
S00727,2025-03-23,ORD-DFW,Crossroads Freight Co,65.0,low,203,24.37,13.26,28,183.8
S00743,2025-10-30,ORD-DFW,Crossroads Freight Co,70.0,low,5897,12.63,13.26,28,95.2
S00346,2025-06-01,CLT-CMH,BlueRidge LTL,55.0,low,5567,12.3,16.19,28,76.0
S00341,2025-01-24,CLT-CMH,BlueRidge LTL,60.0,low,335,26.53,16.19,28,163.9
S00320,2025-01-27,CLT-CMH,BlueRidge LTL,55.0,low,753,19.43,16.19,28,120.0
S00326,2025-09-16,CLT-CMH,BlueRidge LTL,50.0,low,2643,16.56,16.19,28,102.3
S00339,2025-07-09,CLT-CMH,BlueRidge LTL,50.0,low,4242,14.93,16.19,28,92.2
S00337,2025-01-04,CLT-CMH,BlueRidge LTL,55.0,low,301,24.37,16.19,28,150.5
S00324,2025-07-09,CLT-CMH,BlueRidge LTL,55.0,low,2049,15.33,16.19,28,94.7
S00340,2025-11-17,CLT-CMH,BlueRidge LTL,65.0,low,5188,15.14,16.19,28,93.5
S00355,2025-12-15,CLT-CMH,Palmetto Freight Systems,70.0,low,2079,19.26,16.56,28,116.3
S00356,2025-12-02,CLT-CMH,Palmetto Freight Systems,50.0,low,502,18.11,16.56,28,109.4
S00361,2025-08-21,CLT-CMH,Palmetto Freight Systems,70.0,low,6140,11.9,16.56,28,71.9
S00357,2025-11-06,CLT-CMH,Palmetto Freight Systems,50.0,low,3638,15.04,16.56,28,90.8
S00365,2025-03-11,CLT-CMH,Palmetto Freight Systems,70.0,low,5826,13.34,16.56,28,80.6
S00349,2025-07-01,CLT-CMH,Palmetto Freight Systems,50.0,low,1225,16.19,16.56,28,97.8
S00378,2025-04-22,CLT-CMH,Palmetto Freight Systems,60.0,low,245,27.69,16.56,28,167.2
S00358,2025-01-15,CLT-CMH,Palmetto Freight Systems,50.0,low,1654,13.38,16.56,28,80.8
S00047,2025-12-22,CLT-ATL,Cardinal Motor Freight,60.0,low,4879,18.51,20.22,28,91.5
S00037,2025-11-20,CLT-ATL,Cardinal Motor Freight,65.0,low,1526,24.66,20.22,28,122.0
S00038,2025-03-01,CLT-ATL,Cardinal Motor Freight,65.0,low,3090,23.48,20.22,28,116.1
S00055,2025-09-12,CLT-ATL,Cardinal Motor Freight,70.0,low,2135,22.25,20.22,28,110.0
S00036,2025-11-09,CLT-ATL,Cardinal Motor Freight,60.0,low,6099,19.62,20.22,28,97.0
S00045,2025-11-06,CLT-ATL,Cardinal Motor Freight,50.0,low,4344,15.04,20.22,28,74.4
S00056,2025-06-16,CLT-ATL,Cardinal Motor Freight,60.0,low,7224,17.22,20.22,28,85.2
S00041,2025-04-06,CLT-ATL,Cardinal Motor Freight,55.0,low,455,26.44,20.22,28,130.8
S00949,2025-07-03,DFW-IAH,Crossroads Freight Co,70.0,low,7668,20.19,19.44,29,103.9
S00955,2025-12-28,DFW-IAH,Crossroads Freight Co,70.0,low,6343,17.81,19.44,29,91.6
S00968,2025-06-09,DFW-IAH,Crossroads Freight Co,55.0,low,5043,16.56,19.44,29,85.2
S00953,2025-04-11,DFW-IAH,Crossroads Freight Co,60.0,low,2698,22.75,19.44,29,117.0
S00967,2025-12-03,DFW-IAH,Crossroads Freight Co,55.0,low,1034,22.49,19.44,29,115.7
S00948,2025-06-03,DFW-IAH,Crossroads Freight Co,65.0,low,1235,27.91,19.44,29,143.6
S00957,2025-07-12,DFW-IAH,Crossroads Freight Co,55.0,low,3360,19.25,19.44,29,99.0
S00951,2025-06-30,DFW-IAH,Crossroads Freight Co,55.0,low,1918,21.36,19.44,29,109.9
S00969,2025-02-23,DFW-IAH,Crossroads Freight Co,70.0,low,1443,28.22,19.44,29,145.2
S00950,2025-02-17,DFW-IAH,Crossroads Freight Co,50.0,low,1820,23.42,19.44,29,120.5
S00350,2025-08-05,CLT-CMH,Palmetto Freight Systems,92.5,mid,5737,17.74,21.09,29,84.1
S00352,2025-09-01,CLT-CMH,Palmetto Freight Systems,92.5,mid,1419,27.05,21.09,29,128.3
S00380,2025-08-23,CLT-CMH,Palmetto Freight Systems,100.0,mid,5530,20.46,21.09,29,97.0
S00377,2025-12-25,CLT-CMH,Palmetto Freight Systems,85.0,mid,2634,19.81,21.09,29,93.9
S00381,2025-12-10,CLT-CMH,Palmetto Freight Systems,77.5,mid,5907,15.57,21.09,29,73.8
S00351,2025-12-19,CLT-CMH,Palmetto Freight Systems,85.0,mid,1829,24.78,21.09,29,117.5
S00372,2025-09-23,CLT-CMH,Palmetto Freight Systems,100.0,mid,2860,23.51,21.09,29,111.5
S00368,2025-09-16,CLT-CMH,Palmetto Freight Systems,77.5,mid,3236,16.3,21.09,29,77.3
S00382,2025-02-11,CLT-CMH,Palmetto Freight Systems,100.0,mid,7845,18.05,21.09,29,85.6
S00359,2025-06-06,CLT-CMH,Palmetto Freight Systems,110.0,mid,7657,21.45,21.09,29,101.7
S00371,2025-01-19,CLT-CMH,Palmetto Freight Systems,92.5,mid,1398,23.98,21.09,29,113.7
S00779,2025-09-22,LAX-PHX,Piedmont Freight Line,85.0,mid,897,25.86,22.38,29,115.5
S00754,2025-05-15,LAX-PHX,Piedmont Freight Line,110.0,mid,6352,20.8,22.38,29,92.9
S00771,2025-05-04,LAX-PHX,Piedmont Freight Line,77.5,mid,3743,17.11,22.38,29,76.5
S00755,2025-05-05,LAX-PHX,Piedmont Freight Line,85.0,mid,1202,22.64,22.38,29,101.2
S00770,2025-03-09,LAX-PHX,Piedmont Freight Line,92.5,mid,793,27.21,22.38,29,121.6
S00760,2025-02-27,LAX-PHX,Piedmont Freight Line,100.0,mid,1322,26.82,22.38,29,119.8
S00752,2025-01-08,LAX-PHX,Piedmont Freight Line,110.0,mid,1814,26.88,22.38,29,120.1
S00753,2025-12-24,LAX-PHX,Piedmont Freight Line,110.0,mid,963,30.73,22.38,29,137.3
S00774,2025-04-09,LAX-PHX,Piedmont Freight Line,92.5,mid,7558,17.8,22.38,29,79.5
S00750,2025-09-03,LAX-PHX,Piedmont Freight Line,100.0,mid,1522,26.17,22.38,29,116.9
S00775,2025-05-20,LAX-PHX,Piedmont Freight Line,110.0,mid,4024,23.33,22.38,29,104.2
S00773,2025-01-30,LAX-PHX,Piedmont Freight Line,85.0,mid,2917,18.28,22.38,29,81.7
S00768,2025-06-27,LAX-PHX,Piedmont Freight Line,100.0,mid,2766,22.63,22.38,29,101.1
S00765,2025-06-15,LAX-PHX,Piedmont Freight Line,92.5,mid,6447,15.72,22.38,29,70.2
S00813,2025-12-01,LAX-PHX,BlueRidge LTL,65.0,low,525,25.98,14.93,30,174.0
S00814,2025-08-03,LAX-PHX,BlueRidge LTL,55.0,low,6409,12.99,14.93,30,87.0
S00812,2025-04-20,LAX-PHX,BlueRidge LTL,65.0,low,7687,14.95,14.93,30,100.1
S00747,2025-08-16,ORD-DFW,Crossroads Freight Co,77.5,mid,7625,14.85,15.88,30,93.5
S00741,2025-12-12,ORD-DFW,Crossroads Freight Co,100.0,mid,7678,16.55,15.88,30,104.2
S00726,2025-03-01,ORD-DFW,Crossroads Freight Co,110.0,mid,3726,19.2,15.88,30,120.9
S00715,2025-10-24,ORD-DFW,Crossroads Freight Co,110.0,mid,2916,22.09,15.88,30,139.1
S00714,2025-11-22,ORD-DFW,Crossroads Freight Co,110.0,mid,3609,20.79,15.88,30,130.9
S00748,2025-12-07,ORD-DFW,Crossroads Freight Co,100.0,mid,1575,23.53,15.88,30,148.2
S00744,2025-09-13,ORD-DFW,Crossroads Freight Co,110.0,mid,4841,19.74,15.88,30,124.3
S00732,2025-03-19,ORD-DFW,Crossroads Freight Co,77.5,mid,282,23.26,15.88,30,146.5
S00749,2025-02-09,ORD-DFW,Crossroads Freight Co,110.0,mid,3438,19.27,15.88,30,121.3
S00734,2025-05-19,ORD-DFW,Crossroads Freight Co,110.0,mid,1435,25.8,15.88,30,162.5
S00719,2025-09-07,ORD-DFW,Crossroads Freight Co,110.0,mid,6107,18.23,15.88,30,114.8
S00739,2025-01-11,ORD-DFW,Crossroads Freight Co,110.0,mid,7144,17.84,15.88,30,112.3
S00742,2025-02-23,ORD-DFW,Crossroads Freight Co,110.0,mid,3567,19.25,15.88,30,121.2
S00738,2025-10-18,ORD-DFW,Crossroads Freight Co,77.5,mid,4348,14.56,15.88,30,91.7
S00870,2025-11-28,DFW-IAH,Piedmont Freight Line,60.0,low,6283,16.82,20.19,30,83.3
S00872,2025-06-24,DFW-IAH,Piedmont Freight Line,60.0,low,3505,18.77,20.19,30,93.0
S00867,2025-02-08,DFW-IAH,Piedmont Freight Line,70.0,low,2425,21.5,20.19,30,106.5
S00877,2025-04-17,DFW-IAH,Piedmont Freight Line,65.0,low,6445,17.01,20.19,30,84.2
S00861,2025-11-11,DFW-IAH,Piedmont Freight Line,55.0,low,3495,20.4,20.19,30,101.0
S00882,2025-03-30,DFW-IAH,Piedmont Freight Line,50.0,low,7075,14.2,20.19,30,70.3
S00862,2025-06-20,DFW-IAH,Piedmont Freight Line,50.0,low,4471,18.25,20.19,30,90.4
S00890,2025-01-08,DFW-IAH,Piedmont Freight Line,65.0,low,2102,21.36,20.19,30,105.8
S00863,2025-12-16,DFW-IAH,Piedmont Freight Line,50.0,low,2149,18.86,20.19,30,93.4
S00845,2025-04-22,LAX-PHX,Crossroads Freight Co,77.5,mid,664,26.97,22.63,30,119.2
S00855,2025-02-22,LAX-PHX,Crossroads Freight Co,100.0,mid,3420,24.94,22.63,30,110.2
S00856,2025-09-05,LAX-PHX,Crossroads Freight Co,110.0,mid,1038,28.3,22.63,30,125.1
S00859,2025-10-22,LAX-PHX,Crossroads Freight Co,100.0,mid,4420,25.84,22.63,30,114.2
S00842,2025-10-17,LAX-PHX,Crossroads Freight Co,100.0,mid,7268,22.38,22.63,30,98.9
S00860,2025-08-03,LAX-PHX,Crossroads Freight Co,77.5,mid,4886,23.46,22.63,30,103.7
S00829,2025-05-03,LAX-PHX,Crossroads Freight Co,85.0,mid,6963,16.14,22.63,30,71.3
S00838,2025-10-06,LAX-PHX,Crossroads Freight Co,110.0,mid,1163,32.81,22.63,30,145.0
S00854,2025-03-23,LAX-PHX,Crossroads Freight Co,77.5,mid,2798,17.98,22.63,30,79.5
S00835,2025-05-11,LAX-PHX,Crossroads Freight Co,100.0,mid,5347,15.25,22.63,30,67.4
S00852,2025-02-02,LAX-PHX,Crossroads Freight Co,100.0,mid,1971,27.67,22.63,30,122.3
S00850,2025-09-30,LAX-PHX,Crossroads Freight Co,110.0,mid,5345,20.4,22.63,30,90.1
S00840,2025-10-22,LAX-PHX,Crossroads Freight Co,77.5,mid,3339,22.37,22.63,30,98.9
S00806,2025-06-19,LAX-PHX,Cardinal Motor Freight,110.0,mid,4393,26.54,23.33,30,113.8
S00802,2025-12-24,LAX-PHX,Cardinal Motor Freight,110.0,mid,5399,20.89,23.33,30,89.5
S00791,2025-10-19,LAX-PHX,Cardinal Motor Freight,92.5,mid,6954,17.83,23.33,30,76.4
S00794,2025-11-25,LAX-PHX,Cardinal Motor Freight,100.0,mid,3777,25.21,23.33,30,108.1
S00798,2025-09-14,LAX-PHX,Cardinal Motor Freight,100.0,mid,2456,24.2,23.33,30,103.7
S00785,2025-09-14,LAX-PHX,Cardinal Motor Freight,92.5,mid,5196,16.65,23.33,30,71.4
S00782,2025-11-20,LAX-PHX,Cardinal Motor Freight,110.0,mid,2525,22.86,23.33,30,98.0
S00786,2025-06-26,LAX-PHX,Cardinal Motor Freight,85.0,mid,7167,17.19,23.33,30,73.7
S00804,2025-11-13,LAX-PHX,Cardinal Motor Freight,92.5,mid,975,29.21,23.33,30,125.2
S00799,2025-10-23,LAX-PHX,Cardinal Motor Freight,85.0,mid,3959,19.41,23.33,30,83.2
S00789,2025-07-31,LAX-PHX,Cardinal Motor Freight,85.0,mid,3028,20.57,23.33,30,88.2
S00810,2025-09-11,LAX-PHX,Cardinal Motor Freight,85.0,mid,2346,18.9,23.33,30,81.0
S00796,2025-02-21,LAX-PHX,Cardinal Motor Freight,92.5,mid,6460,19.2,23.33,30,82.3
S00644,2025-02-13,ORD-DFW,Piedmont Freight Line,110.0,mid,4677,20.62,17.84,31,115.6
S00645,2025-07-28,ORD-DFW,Piedmont Freight Line,85.0,mid,3587,14.89,17.84,31,83.5
S00641,2025-01-24,ORD-DFW,Piedmont Freight Line,77.5,mid,6715,11.4,17.84,31,63.9
S00640,2025-04-30,ORD-DFW,Piedmont Freight Line,77.5,mid,4531,14.67,17.84,31,82.2
S00657,2025-01-18,ORD-DFW,Piedmont Freight Line,92.5,mid,5075,12.81,17.84,31,71.8
S00662,2025-07-07,ORD-DFW,Piedmont Freight Line,92.5,mid,1178,20.07,17.84,31,112.5
S00648,2025-03-04,ORD-DFW,Piedmont Freight Line,85.0,mid,2231,16.04,17.84,31,89.9
S00661,2025-01-03,ORD-DFW,Piedmont Freight Line,92.5,mid,4728,17.62,17.84,31,98.8
S00656,2025-05-02,ORD-DFW,Piedmont Freight Line,85.0,mid,7539,12.66,17.84,31,71.0
S00651,2025-04-26,ORD-DFW,Piedmont Freight Line,92.5,mid,2864,15.88,17.84,31,89.0
S00663,2025-05-21,ORD-DFW,Piedmont Freight Line,85.0,mid,7292,12.96,17.84,31,72.6
S00636,2025-08-08,ORD-DFW,Piedmont Freight Line,110.0,mid,5849,17.2,17.84,31,96.4
S00654,2025-07-26,ORD-DFW,Piedmont Freight Line,85.0,mid,1791,17.07,17.84,31,95.7
S00062,2025-10-04,CLT-ATL,BlueRidge LTL,50.0,low,4344,19.95,20.03,31,99.6
S00066,2025-08-21,CLT-ATL,BlueRidge LTL,55.0,low,6469,17.41,20.03,31,86.9
S00065,2025-08-15,CLT-ATL,BlueRidge LTL,50.0,low,4482,20.83,20.03,31,104.0
S00063,2025-08-14,CLT-ATL,BlueRidge LTL,60.0,low,2091,20.81,20.03,31,103.9
S00068,2025-01-17,CLT-ATL,BlueRidge LTL,70.0,low,6402,21.35,20.03,31,106.6
S00923,2025-08-16,DFW-IAH,BlueRidge LTL,50.0,low,2516,19.87,20.19,31,98.4
S00907,2025-04-16,DFW-IAH,BlueRidge LTL,50.0,low,2028,20.6,20.19,31,102.0
S00927,2025-05-13,DFW-IAH,BlueRidge LTL,55.0,low,6689,18.24,20.19,31,90.3
S00908,2025-01-19,DFW-IAH,BlueRidge LTL,65.0,low,5879,18.73,20.19,31,92.8
S00919,2025-12-06,DFW-IAH,BlueRidge LTL,55.0,low,5608,20.09,20.19,31,99.5
S00926,2025-01-27,DFW-IAH,BlueRidge LTL,55.0,low,6442,16.23,20.19,31,80.4
S00933,2025-05-17,DFW-IAH,BlueRidge LTL,70.0,low,1472,29.91,20.19,31,148.1
S00914,2025-06-16,DFW-IAH,BlueRidge LTL,60.0,low,1591,25.77,20.19,31,127.6
S00685,2025-12-25,ORD-DFW,Cardinal Motor Freight,110.0,mid,2667,19.24,17.2,32,111.9
S00676,2025-09-10,ORD-DFW,Cardinal Motor Freight,110.0,mid,7691,15.07,17.2,32,87.6
S00700,2025-11-29,ORD-DFW,Cardinal Motor Freight,77.5,mid,4742,16.04,17.2,32,93.3
S00693,2025-03-24,ORD-DFW,Cardinal Motor Freight,77.5,mid,2537,14.25,17.2,32,82.8
S00680,2025-12-19,ORD-DFW,Cardinal Motor Freight,110.0,mid,2197,17.13,17.2,32,99.6
S00697,2025-11-25,ORD-DFW,Cardinal Motor Freight,100.0,mid,4498,18.06,17.2,32,105.0
S00669,2025-03-10,ORD-DFW,Cardinal Motor Freight,92.5,mid,1128,20.28,17.2,32,117.9
S00673,2025-09-24,ORD-DFW,Cardinal Motor Freight,77.5,mid,7624,12.73,17.2,32,74.0
S00688,2025-04-03,ORD-DFW,Cardinal Motor Freight,77.5,mid,5465,12.84,17.2,32,74.7
S00675,2025-07-28,ORD-DFW,Cardinal Motor Freight,85.0,mid,3234,15.16,17.2,32,88.1
S00668,2025-01-19,ORD-DFW,Cardinal Motor Freight,100.0,mid,1556,21.63,17.2,32,125.8
S00690,2025-09-19,ORD-DFW,Cardinal Motor Freight,92.5,mid,6949,13.31,17.2,32,77.4
S00902,2025-01-25,DFW-IAH,Cardinal Motor Freight,60.0,low,3353,17.75,20.09,32,88.4
S00901,2025-03-19,DFW-IAH,Cardinal Motor Freight,50.0,low,7746,14.81,20.09,32,73.7
S00895,2025-06-17,DFW-IAH,Cardinal Motor Freight,60.0,low,3821,20.19,20.09,32,100.5
S00900,2025-03-28,DFW-IAH,Cardinal Motor Freight,50.0,low,1147,25.12,20.09,32,125.0
S00898,2025-10-07,DFW-IAH,Cardinal Motor Freight,65.0,low,4655,23.03,20.09,32,114.6
S00897,2025-10-22,DFW-IAH,Cardinal Motor Freight,55.0,low,2052,19.44,20.09,32,96.8
S00894,2025-07-12,DFW-IAH,Cardinal Motor Freight,60.0,low,5876,17.72,20.09,32,88.2
S00397,2025-08-07,CLT-CMH,Crossroads Freight Co,110.0,mid,4070,23.6,20.61,32,114.5
S00407,2025-07-28,CLT-CMH,Crossroads Freight Co,100.0,mid,1813,26.29,20.61,32,127.6
S00405,2025-05-07,CLT-CMH,Crossroads Freight Co,85.0,mid,3522,21.83,20.61,32,105.9
S00391,2025-01-19,CLT-CMH,Crossroads Freight Co,100.0,mid,3591,27.86,20.61,32,135.2
S00402,2025-11-16,CLT-CMH,Crossroads Freight Co,85.0,mid,7629,17.62,20.61,32,85.5
S00385,2025-09-14,CLT-CMH,Crossroads Freight Co,77.5,mid,686,29.74,20.61,32,144.3
S00399,2025-12-11,CLT-CMH,Crossroads Freight Co,85.0,mid,5746,17.09,20.61,32,82.9
S00386,2025-04-09,CLT-CMH,Crossroads Freight Co,77.5,mid,2119,18.29,20.61,32,88.7
S00106,2025-04-09,CLT-ATL,Crossroads Freight Co,60.0,low,1368,26.35,19.95,33,132.1
S00101,2025-03-02,CLT-ATL,Crossroads Freight Co,55.0,low,3924,20.22,19.95,33,101.4
S00102,2025-08-31,CLT-ATL,Crossroads Freight Co,70.0,low,7331,20.73,19.95,33,103.9
S00945,2025-11-30,DFW-IAH,Palmetto Freight Systems,77.5,mid,4891,19.53,28.0,33,69.8
S00943,2025-09-16,DFW-IAH,Palmetto Freight Systems,100.0,mid,2344,30.87,28.0,33,110.3
S00893,2025-01-29,DFW-IAH,Cardinal Motor Freight,100.0,mid,3715,29.4,28.0,33,105.0
S00891,2025-01-28,DFW-IAH,Cardinal Motor Freight,100.0,mid,7234,26.25,28.0,33,93.8
S00942,2025-11-11,DFW-IAH,Palmetto Freight Systems,60.0,low,1589,22.26,19.87,34,112.0
S00936,2025-06-04,DFW-IAH,Palmetto Freight Systems,55.0,low,5546,16.92,19.87,34,85.2
S00938,2025-08-02,DFW-IAH,Palmetto Freight Systems,50.0,low,2515,20.72,19.87,34,104.3
S00944,2025-06-17,DFW-IAH,Palmetto Freight Systems,70.0,low,6120,16.58,19.87,34,83.4
S00940,2025-03-10,DFW-IAH,Palmetto Freight Systems,65.0,low,2496,26.15,19.87,34,131.6
S00307,2025-10-13,CLT-CMH,Cardinal Motor Freight,85.0,mid,4426,20.61,21.05,34,97.9
S00314,2025-11-19,CLT-CMH,Cardinal Motor Freight,92.5,mid,6853,15.59,21.05,34,74.1
S00310,2025-11-17,CLT-CMH,Cardinal Motor Freight,77.5,mid,1175,22.42,21.05,34,106.5
S00294,2025-01-04,CLT-CMH,Cardinal Motor Freight,100.0,mid,7542,19.61,21.05,34,93.2
S00296,2025-02-14,CLT-CMH,Cardinal Motor Freight,100.0,mid,3462,21.62,21.05,34,102.7
S00298,2025-11-10,CLT-CMH,Cardinal Motor Freight,100.0,mid,2554,23.14,21.05,34,109.9
S00099,2025-03-17,CLT-ATL,Crossroads Freight Co,77.5,mid,6724,18.52,26.83,34,69.0
S00103,2025-04-24,CLT-ATL,Crossroads Freight Co,85.0,mid,7807,26.23,26.83,34,97.8
S00100,2025-05-07,CLT-ATL,Crossroads Freight Co,100.0,mid,186,43.51,26.83,34,162.2
S00060,2025-10-01,CLT-ATL,BlueRidge LTL,85.0,mid,3378,29.36,26.41,35,111.2
S00061,2025-11-12,CLT-ATL,BlueRidge LTL,100.0,mid,7763,27.38,26.41,35,103.7
S00708,2025-08-28,ORD-DFW,BlueRidge LTL,70.0,low,5348,12.45,13.11,36,95.0
S00701,2025-11-25,ORD-DFW,BlueRidge LTL,70.0,low,1163,18.79,13.11,36,143.3
S00709,2025-02-20,ORD-DFW,Palmetto Freight Systems,70.0,low,1246,16.28,13.11,37,124.2
S00712,2025-08-03,ORD-DFW,Palmetto Freight Systems,110.0,mid,4722,23.94,17.07,41,140.2
S00710,2025-11-29,ORD-DFW,Palmetto Freight Systems,100.0,mid,7035,15.67,17.07,41,91.8
S00713,2025-12-30,ORD-DFW,Palmetto Freight Systems,92.5,mid,1130,17.38,17.07,41,101.8
S00828,2025-03-22,LAX-PHX,Palmetto Freight Systems,77.5,mid,2971,16.96,22.64,41,74.9
S00826,2025-07-16,LAX-PHX,Palmetto Freight Systems,85.0,mid,863,27.09,22.64,41,119.7
S00703,2025-08-27,ORD-DFW,BlueRidge LTL,100.0,mid,7468,16.32,17.13,42,95.3
S00704,2025-01-24,ORD-DFW,BlueRidge LTL,77.5,mid,5619,13.42,17.13,42,78.3
S00815,2025-10-10,LAX-PHX,BlueRidge LTL,100.0,mid,1381,30.79,22.63,42,136.1